SCHOTT, Optical Glass;;;;;;13.11.2025;;;;;;;;;;;;;;;;;;;;;;;;;;;;;;;;;;;;;;;;;;;;;;;;;;;;;;;;;;;;;;;;;;;;;;;;;;;;;;;;;;;;;;;;;;;;;;;;;;;;;;;;;;;;;;;;;;;;;;;;;;;;;;;;;;;;;;;;;;;;;;;;;;;;;;;;;;;;;;;;;
;;;;;;;;;;;;;;;;;;;;;;;;;;;;;;;;;;;;;;;;;;;;;;;;;;;;;;;;;;;;;;;;;;;;;;;;;;;;;;;;;;;;;;;;;;;;;;;;;;;;;;;;;;;;;;;;;;;;;;;;;;;;;;;;;;;;;;;;;;;;;;;;;;;;;;;;;;;;;;;;;;;;;;;
;;;;;;Constants of dispersion formula;;;;;;Constants for dn/dT;;;;;;"Relative temperature coefficients of refractive index
 [-40/-20 deg.C]";;;"Absolute temperature coefficients of refractive index
 [-40/-20 deg.C]";;;Relative temperature coefficients of refractive index [+20/+40 deg.C];;;Absolute temperature coefficients of refractive index [+20/+40 deg.C];;;Relative temperature coefficients of refractive index [+60/+80 deg.C];;;"Absolute temperature coefficients of refractive index
 [+60/+80 deg.C]";;;;Internal transmission measured at 25 mm sample thickness;;;;;;;;;;;;;;;;;;;;;;;;;;;;;;Internal transmission measured at 10 mm sample thickness;;;;;;;;;;;;;;;;;;;;;;;;;;;;;;;Chemical properties;;;;;;Thermal properties;;;;;;;Mechanical properties;;;;;Refractive Indices;;;;;;;;;;;;;;;;;;;;;;;Relative partial dispersion;;;;;;;;;;;;;;;;;;;;;;;;;;;;
Glass;nd;ne;vd;ve;Colour code;B1;B2;B3;C1;C2;C3;D0;D1;D2;E0;E1;lambda;1060nm;e-line;g-line;1060nm;e-line;g-line;1060nm;e-line;g-line;1060nm;e-line;g-line;1060nm;e-line; g-line;1060nm;e-line;g-line;Stress optical coefficient;TAUI25/2500;TAUI25/2325;TAUI25/1970;TAUI25/1530;TAUI25/1060;TAUI25/700;TAUI25/660;TAUI25/620;TAUI25/580;TAUI25/546;TAUI25/500;TAUI25/460;TAUI25/436;TAUI25/420;TAUI25/405;TAUI25/400;TAUI25/390;TAUI25/380;TAUI25/370;TAUI25/365;TAUI25/350;TAUI25/334;TAUI25/320;TAUI25/310;TAUI25/300;TAUI25/290;TAUI25/280;TAUI25/270;TAUI25/260;TAUI25/250;TAUI10/2500;TAUI10/2325;TAUI10/1970;TAUI10/1530;TAUI10/1060;TAUI10/700;TAUI10/660;TAUI10/620;TAUI10/580;TAUI10/546;TAUI10/500;TAUI10/460;TAUI10/436;TAUI10/420;TAUI10/405;TAUI10/400;TAUI10/390;TAUI10/380;TAUI10/370;TAUI10/365;TAUI10/350;TAUI10/334;TAUI10/320;TAUI10/310;TAUI10/300;TAUI10/290;TAUI10/280;TAUI10/270;TAUI10/260;TAUI10/250;;CR;FR;SR;AR;PR;Density;Tg;T13;T7.6;Heat capacity (cp);Heat conductivity(lambda);alpha -30/70;alpha 20/300;Young´s modulus (E);Poisson ratio (µ);Knoop hardness (HK);Abrasion hardness (HG);K;  n2325.4;  n1970.1;  n1529.6;  n1060.0;  nt;  ns;  nr;  nC;  nC';  n632.8;  nD;  nd;  ne;  nF;  nF';  ng;  nh;  ni;  n334.1;  n312.6;  n296.7;  n280.4;  n248.3;nF-nC;nF'-nC';  P s,t;  P C,s;  P d,C;  P e,d;  P g,F;  P i,h;  P' s,t ;  P' C',s;  P' d,C';  P' e,d ;  P' g,F';  P' i,h ;  DP C,t;  DP C,s;  DP F,e;  DP g,F;  DP i,g;Glascode;Remarks;Date;rel. Price;WR-J;SR-J;AT;Abrasion HG-J;will become inquiry glass;
 LASF35 ;2.02204;2.03035;29.06;28.84;45/37*;2.45505861E+00;4.53006077E-01;2.38513080E+00;1.35670404E-02;5.45803020E-02;1.67904715E+02;1.43E-07;8.71E-09;-2.71E-11;1.02E-06;1.50E-09;2.63E-01;2.60;5.00;7.80;-0.10;2.20;5.00;2.70;5.50;9.00;1.00;3.80;7.10;2.80;5.90;9.70;1.40;4.5;8.3;0.73;0.550;0.720;0.934;0.987;0.994;0.981;0.974;0.969;0.962;0.943;0.874;0.774;0.670;0.550;0.390;0.320;0.180;0.050;0.000; ; ; ; ; ; ; ; ; ; ; ;0.787;0.877;0.973;0.995;0.998;0.992;0.990;0.987;0.985;0.977;0.948;0.903;0.852;0.787;0.686;0.634;0.504;0.302;0.100;0.030;0.000; ; ; ; ; ; ; ; ; ;;1;0;1.3;1;1.3;5.41;774; ; ;0.445;0.92;7.4;8.5;132;0.303;810;1;0.73;1.95946;1.96639;1.97472;1.98624;1.98786;1.99531;2.00628;2.01185;2.01343;2.01493;2.02173;2.02204;2.03035;2.04702;2.04916;2.06805;2.08663;;;;;;;0.035170;0.035721;0.2118;0.4701;0.2899;0.2364;0.5982;;0.2086;0.5073;0.2409;0.2327;0.5291;;-0.0009;-0.0006;0.0006;0.0033;;022291.541;;01.02.14;36.7;;;;;;
 P-SF68 ;2.00520;2.01643;21.00;20.82;49/41*;2.33300670E+00;4.52961396E-01;1.25172339E+00;1.68838419E-02;7.16086325E-02;1.18707479E+02;1.55E-05;2.30E-08;-3.46E-11;2.76E-06;2.93E-09;2.97E-01;13.70;21.50;32.30;11.10;18.80;29.50;15.20;24.10;36.50;13.50;22.30;34.60;16.20;25.80;39.10;15.40;25.3;39.2;1.61;0.560;0.780;0.940;0.990;0.998;0.993;0.989;0.985;0.973;0.940;0.780;0.500;0.250;0.050; ; ; ; ; ; ; ; ; ; ; ; ; ; ; ; ;0.793;0.905;0.976;0.996;0.999;0.997;0.996;0.994;0.989;0.976;0.905;0.758;0.574;0.302;0.036;0.007; ; ; ; ; ; ; ; ; ; ; ; ; ; ;;1;5;53.3;2.3;2.3;6.19;428;430;504;0.37;0.65;8.43;9.67;79;0.275;404; ;1.61;1.93381;1.93968;1.94732;1.95970;1.96160;1.97063;1.98449;1.99171;1.99380;1.99576;2.00479;2.00520;2.01643;2.03958;2.04262;2.07018;;;;;;;;0.047867;0.048826;0.1885;0.4406;0.2817;0.2346;0.6392;;0.1848;0.4746;0.2336;0.2300;0.5644;;-0.0156;-0.0113;0.0063;0.0308;;005210.619;suitable for precision molding;01.02.14;;1;4-5;468;298;;
 N-LASF55 ;1.95380;1.96118;30.56;30.33;44/37*;2.30861228E+00;3.54736638E-01;1.92227125E+00;1.30446995E-02;5.57524221E-02;1.33196869E+02;2.25E-06;1.09E-08;-1.64E-11;9.64E-07;1.25E-09;2.62E-01;3.90;6.10;8.70;1.30;3.40;5.90;4.00;6.60;9.70;2.40;4.90;7.90;4.30;7.10;10.50;3.00;5.8;9.1;1.16;0.420;0.660;0.920;0.987;0.997;0.988;0.983;0.977;0.969;0.954;0.900;0.814;0.710;0.590;0.410;0.340;0.180;0.050;0.003;0.000;;;;;;;;;;;0.707;0.847;0.967;0.995;0.999;0.995;0.993;0.991;0.987;0.981;0.959;0.921;0.872;0.810;0.700;0.650;0.504;0.311;0.098;0.032;0.000; ; ; ; ; ; ; ; ; ;;1;0;2.3;1;1;4.86;718;722;796;0.5;0.9;6.61;7.74;126;0.3;710;2;1.16;1.89507;1.90226;1.91065;1.92162;1.92312;1.92991;1.93976;1.94473;1.94614;1.94748;1.95353;1.95380;1.96118;1.97594;1.97783;1.99454;2.01096;;;;;;;0.031211;0.031688;0.2175;0.4748;0.2907;0.2364;0.5961;;0.2142;0.5123;0.2416;0.2329;0.5274;;0.0023;0.0007;0.0006;0.0037;;954306.486;;01.09.21;5.0;1;1;;;;
 N-SF66 ;1.92286;1.93322;20.88;20.70;45/39*;2.02459760E+00;4.70187196E-01;2.59970433E+00;1.47053225E-02;6.92998276E-02;1.61817601E+02;-4.30E-06;1.15E-08;4.31E-11;9.62E-07;1.62E-09;3.22E-01;-0.40;1.90;5.80;-2.90;-0.70;3.10;-0.50;2.40;7.30;-2.10;0.80;5.50;0.10;3.40;8.90;-1.20;2.1;7.5;2.91;0.560;0.640;0.873;0.973;0.991;0.977;0.968;0.958;0.940;0.910;0.830;0.740;0.630;0.500;0.270;0.180;0.020; ; ; ; ; ; ; ; ; ; ; ; ; ;0.793;0.837;0.947;0.989;0.996;0.991;0.987;0.983;0.976;0.963;0.928;0.887;0.831;0.758;0.592;0.504;0.250;0.040;0.001; ; ; ; ; ; ; ; ; ; ; ;;1;0;1;1;1;4.00;710;719;800;0.54;0.8;5.9;6.83;95;0.259;440;3;2.91;1.84839;1.85665;1.86650;1.87999;1.88189;1.89064;1.90368;1.91039;1.91232;1.91414;1.92248;1.92286;1.93322;1.95459;1.95739;1.98285;;;;;;;;0.044199;0.045076;0.1980;0.4467;0.2822;0.2345;0.6394;;0.1941;0.4808;0.2339;0.2299;0.5647;;0.0007;-0.0048;0.0059;0.0307;;923209.400; ;07.02.24;3.1;;;;;;
 N-LASF46B ;1.90366;1.91048;31.32;31.09;41/37*;2.17988922E+00;3.06495184E-01;1.56882437E+00;1.25805384E-02;5.67191367E-02;1.05316538E+02;5.98E-06;1.30E-08;-3.50E-12;9.13E-07;1.24E-09;2.67E-01;6.10;8.20;10.70;3.60;5.60;8.10;6.40;8.90;11.80;4.80;7.20;10.10;6.80;9.50;12.70;5.50;8.2;11.4;1.87;0.230;0.550;0.890;0.977;0.996;0.989;0.983;0.980;0.978;0.972;0.944;0.890;0.840;0.770;0.660;0.600;0.420;0.180;0.014; ; ; ; ; ; ; ; ; ; ; ;0.556;0.787;0.954;0.991;0.998;0.996;0.993;0.992;0.991;0.989;0.977;0.954;0.933;0.901;0.847;0.815;0.707;0.504;0.181;0.050;0.000; ; ; ; ; ; ; ; ; ;;1;0;3.3;1;1;4.51;611;613;703;0.55;0.88;5.97;7.11;121;0.303;712;;1.87;1.84657;1.85418;1.86283;1.87362;1.87505;1.88146;1.89065;1.89526;1.89657;1.89781;1.90341;1.90366;1.91048;1.92411;1.92586;1.94130;1.95647;;;;;;;0.028852;0.029289;0.2222;0.4783;0.2911;0.2364;0.5956;;0.2189;0.5160;0.2419;0.2329;0.5270;;0.0069;0.0024;0.0006;0.0045;;904313.451;suitable for precision molding;21.11.17;3.8;1;2;649;55;;
 N-LASF31A ;1.88300;1.88815;40.76;40.52;38/33*;1.96485075E+00;4.75231259E-01;1.48360109E+00;9.82060155E-03;3.44713438E-02;1.10739863E+02;1.67E-06;8.90E-09;-8.73E-12;7.47E-07;7.46E-10;2.07E-01;3.40;4.80;6.30;0.90;2.30;3.70;3.30;4.90;6.60;1.70;3.30;4.90;3.40;5.20;6.90;2.20;3.9;5.6;1.18;0.323;0.616;0.910;0.983;0.995;0.992;0.991;0.990;0.990;0.990;0.978;0.950;0.927;0.903;0.862;0.841;0.780;0.685;0.540;0.453;0.166;0.006;;;;;;;;;0.636;0.824;0.963;0.993;0.998;0.997;0.996;0.996;0.996;0.996;0.991;0.980;0.970;0.960;0.942;0.933;0.905;0.860;0.782;0.729;0.488;0.129;0.060;0.001; ; ; ; ; ; ;;1;0;2.3;1;1;5.51;719;720;830;0.44;0.79;6.74;7.72;126;0.301;650;2;1.18;1.83590;1.84267;1.85026;1.85937;1.86054;1.86572;1.87298;1.87656;1.87757;1.87853;1.88281;1.88300;1.88815;1.89822;1.89950;1.91050;1.92093;1.93920;;;;;;0.021663;0.021921;0.2391;0.5004;0.2972;0.2377;0.5667;0.8436;0.2363;0.5407;0.2475;0.2349;0.5021;0.8337;0.0012;0.0025;-0.0019;-0.0085;-0.0575;883408.551; ;01.02.14;14.4;;;;;;
 N-LASF9 ;1.85025;1.85650;32.17;31.93;41/36*;2.00029547E+00;2.98926886E-01;1.80691843E+00;1.21426017E-02;5.38736236E-02;1.56530829E+02;1.05E-06;1.02E-08;-2.38E-11;9.19E-07;1.18E-09;2.57E-01;2.80;4.70;6.90;0.40;2.20;4.30;2.90;5.10;7.70;1.40;3.50;6.00;3.10;5.50;8.20;1.80;4.2;6.9;1.72;0.598;0.712;0.919;0.986;0.994;0.986;0.981;0.979;0.978;0.972;0.945;0.898;0.840;0.770;0.630;0.570;0.400;0.200;0.040;; ; ; ; ; ; ; ; ; ; ;0.814;0.873;0.967;0.994;0.998;0.994;0.992;0.992;0.991;0.989;0.978;0.958;0.933;0.901;0.831;0.799;0.693;0.525;0.270;0.137; ; ; ; ; ; ; ; ; ; ;;1;0;2;1;1;4.41;683;700;817;0.53;0.79;7.37;8.38;109;0.288;515;4;1.72;1.80058;1.80659;1.81364;1.82293;1.82420;1.82997;1.83834;1.84255;1.84376;1.84489;1.85002;1.85025;1.85650;1.86898;1.87058;1.88467;1.89845;;;;;;;0.026430;0.026827;0.2181;0.4762;0.2912;0.2366;0.5934;;0.2149;0.5140;0.2420;0.2330;0.5250;;-0.0032;-0.0016;0.0008;0.0037;;850322.441; ;09.05.14;6.4;;;;120;;
 N-SF57 ;1.84666;1.85504;23.78;23.59;42/37*;1.87543831E+00;3.73757490E-01;2.30001797E+00;1.41749518E-02;6.40509927E-02;1.77389795E+02;-4.51E-06;8.73E-09;-1.64E-11;1.07E-06;1.57E-09;2.95E-01;-0.50;1.70;4.90;-2.90;-0.80;2.30;-0.50;2.20;6.00;-2.10;0.60;4.30;-0.40;2.60;6.90;-1.60;1.3;5.6;2.78;0.584;0.642;0.893;0.980;0.997;0.977;0.969;0.971;0.975;0.965;0.930;0.877;0.810;0.710;0.540;0.460;0.250;0.050;0.001; ; ; ; ; ; ; ; ; ; ; ;0.806;0.838;0.956;0.992;0.999;0.991;0.987;0.988;0.990;0.986;0.971;0.949;0.919;0.872;0.782;0.733;0.574;0.302;0.063;0.003; ; ; ; ; ; ; ; ; ; ;;1;0;1;1;1;3.53;629;616;716;0.66;0.99;8.46;9.88;96;0.26;520;4;2.78;1.78502;1.79190;1.80011;1.81138;1.81296;1.82023;1.83099;1.83650;1.83807;1.83956;1.84635;1.84666;1.85504;1.87210;1.87432;1.89423;1.91440;;;;;;;0.035604;0.036247;0.2042;0.4568;0.2855;0.2353;0.6216;;0.2005;0.4922;0.2369;0.2311;0.5493;;0.0032;-0.0015;0.0033;0.0178;;847238.353; ;01.02.14;3.2;;;;175;;
 N-SF57HT ;1.84666;1.85504;23.78;23.59;41/37*;1.87543831E+00;3.73757490E-01;2.30001797E+00;1.41749518E-02;6.40509927E-02;1.77389795E+02;-4.51E-06;8.73E-09;-1.64E-11;1.07E-06;1.57E-09;2.95E-01;-0.50;1.70;4.90;-2.90;-0.80;2.30;-0.50;2.20;6.00;-2.10;0.60;4.30;-0.40;2.60;6.90;-1.60;1.3;5.6;2.78;0.584;0.642;0.893;0.980;0.998;0.979;0.971;0.973;0.977;0.967;0.932;0.883;0.830;0.760;0.630;0.560;0.350;0.090;0.001; ; ; ; ; ; ; ; ; ; ; ;0.806;0.838;0.956;0.992;0.999;0.992;0.988;0.989;0.991;0.987;0.972;0.951;0.928;0.896;0.831;0.793;0.657;0.382;0.063;0.003; ; ; ; ; ; ; ; ; ; ;;1;0;1;1;1;3.53;629;616;716;0.66;0.99;8.46;9.88;96;0.26;520;4;2.78;1.78502;1.79190;1.80011;1.81138;1.81296;1.82023;1.83099;1.83650;1.83807;1.83956;1.84635;1.84666;1.85504;1.87210;1.87432;1.89423;1.91440;;;;;;;0.035604;0.036247;0.2042;0.4568;0.2855;0.2353;0.6216;;0.2005;0.4922;0.2369;0.2311;0.5493;;0.0032;-0.0015;0.0033;0.0178;;847238.353; ;01.02.14;4.3;;;;175;;
 N-SF57HTultra ;1.84666;1.85504;23.78;23.59;40/37*;1.87543831E+00;3.73757490E-01;2.30001797E+00;1.41749518E-02;6.40509927E-02;1.77389795E+02;-4.51E-06;8.73E-09;-1.64E-11;1.07E-06;1.57E-09;2.95E-01;-0.50;1.70;4.90;-2.90;-0.80;2.30;-0.50;2.20;6.00;-2.10;0.60;4.30;-0.40;2.60;6.90;-1.60;1.3;5.6;2.78;0.584;0.642;0.893;0.980;0.998;0.988;0.985;0.983;0.981;0.973;0.947;0.908;0.864;0.805;0.693;0.627;0.413;0.114;0.001; ; ; ; ; ; ; ; ; ; ; ;0.806;0.838;0.956;0.992;0.999;0.995;0.994;0.993;0.992;0.989;0.978;0.962;0.943;0.917;0.864;0.830;0.702;0.420;0.063;0.003; ; ; ; ; ; ; ; ; ; ;;1;0;1;1;1;3.53;629;616;716;0.66;0.99;8.46;9.88;96;0.26;520;4;2.78;1.78502;1.79190;1.80011;1.81138;1.81296;1.82023;1.83099;1.83650;1.83807;1.83956;1.84635;1.84666;1.85504;1.87210;1.87432;1.89423;1.91440;;;;;;;0.035604;0.036247;0.2042;0.4568;0.2855;0.2353;0.6216;;0.2005;0.4922;0.2369;0.2311;0.5493;;0.0032;-0.0015;0.0033;0.0178;;847238.353; ;01.02.14;6.6;;;;175;;
 SF57 ;1.84666;1.85504;23.83;23.64;40/37*;1.81651371E+00;4.28893641E-01;1.07186278E+00;1.43704198E-02;5.92801172E-02;1.21419942E+02;7.26E-06;1.88E-08;-5.14E-11;1.96E-06;1.79E-09;2.76E-01;6.60;11.10;16.70;4.20;8.60;14.10;7.60;12.50;18.90;6.00;10.90;17.20;8.00;13.40;20.10;6.80;12.1;18.8;0.02;0.750;0.790;0.930;0.991;0.997;0.996;0.994;0.994;0.994;0.994;0.986;0.968;0.930;0.860;0.730;0.660;0.450;0.198;0.010; ; ; ; ; ; ; ; ; ; ; ;0.891;0.910;0.971;0.996;0.999;0.998;0.998;0.998;0.998;0.998;0.994;0.987;0.971;0.941;0.882;0.847;0.727;0.523;0.160;0.040; ; ; ; ; ; ; ; ; ; ;;2;5;52.3;2.3;4.3;5.51;414;414;507;0.36;0.62;8.3;9.2;54;0.248;350;1;0.02;1.79026;1.79539;1.80187;1.81185;1.81335;1.82038;1.83102;1.83650;1.83808;1.83957;1.84636;1.84666;1.85504;1.87204;1.87425;1.89393;1.91366;;;;;;;0.035536;0.036166;0.1976;0.4539;0.2859;0.2356;0.6160;;0.1942;0.4895;0.2373;0.2315;0.5443;;-0.0065;-0.0046;0.0026;0.0123;;847238.551;lead containing glass type, suitable for precision molding;21.02.18;2.6;1;6;449;344;;
 SF57HTultra ;1.84666;1.85504;23.83;23.64;39/36*;1.81651371E+00;4.28893641E-01;1.07186278E+00;1.43704198E-02;5.92801172E-02;1.21419942E+02;7.26E-06;1.88E-08;-5.14E-11;1.96E-06;1.79E-09;2.76E-01;6.60;11.10;16.70;4.20;8.60;14.10;7.60;12.50;18.90;6.00;10.90;17.20;8.00;13.40;20.10;6.80;12.1;18.8;0.02;0.798;0.835;0.951;0.994;0.999;0.997;0.996;0.996;0.996;0.995;0.989;0.978;0.962;0.930;0.860;0.820;0.630;0.304;0.029; ; ; ; ; ; ; ; ; ; ; ;0.914;0.930;0.980;0.998;0.999;0.999;0.998;0.998;0.998;0.998;0.996;0.991;0.985;0.971;0.941;0.924;0.831;0.621;0.250;0.100; ; ; ; ; ; ; ; ; ; ;;2;5;52.3;2.3;4.3;5.51;414;414;507;0.36;0.62;8.3;9.2;54;0.248;350;1;0.02;1.79026;1.79539;1.80187;1.81185;1.81335;1.82038;1.83102;1.83650;1.83808;1.83957;1.84636;1.84666;1.85504;1.87204;1.87425;1.89393;1.91366;;;;;;;0.035536;0.036166;0.1976;0.4539;0.2859;0.2356;0.6160;;0.1942;0.4895;0.2373;0.2315;0.5443;;-0.0065;-0.0046;0.0026;0.0123;;847238.551;lead containing glass type, suitable for precision molding, step 0.5 available;01.12.23;3.6;1;6;449;344;;
 N-LASF41 ;1.83501;1.83961;43.13;42.88;37/32*;1.86348331E+00;4.13307255E-01;1.35784815E+00;9.10368219E-03;3.39247268E-02;9.33580595E+01;3.03E-06;1.04E-08;-1.30E-11;6.62E-07;7.82E-10;2.09E-01;4.00;5.20;6.40;1.50;2.70;3.90;4.00;5.40;6.80;2.40;3.80;5.20;4.20;5.70;7.20;2.90;4.5;6;1.57;0.160;0.510;0.880;0.983;0.995;0.995;0.994;0.993;0.994;0.993;0.984;0.962;0.940;0.920;0.890;0.876;0.830;0.750;0.630;0.550;0.270;0.040; ; ; ; ; ; ; ; ;0.480;0.764;0.950;0.993;0.998;0.998;0.998;0.997;0.998;0.997;0.994;0.985;0.976;0.967;0.954;0.948;0.928;0.891;0.831;0.787;0.592;0.292;0.040; ; ; ; ; ; ; ;;1;1;4;1;1;4.85;651;658;739;0.49;0.79;6.19;7.33;124;0.294;760;2;1.57;1.78859;1.79608;1.80423;1.81338;1.81450;1.81936;1.82599;1.82923;1.83014;1.83100;1.83484;1.83501;1.83961;1.84859;1.84972;1.85949;1.86872;1.88486;;;;;;0.019361;0.019578;0.2508;0.5098;0.2986;0.2378;0.5629;0.8338;0.2480;0.5507;0.2487;0.2351;0.4989;0.8245;0.0110;0.0063;-0.0021;-0.0083;-0.0520;835431.485; ;01.02.14;11.5;;;;;;
 N-LASF40 ;1.83404;1.83935;37.30;37.04;39/35*;1.98550331E+00;2.74057042E-01;1.28945661E+00;1.09583310E-02;4.74551603E-02;9.69085286E+01;8.10E-06;1.25E-08;-1.73E-11;8.27E-07;1.08E-09;2.38E-01;7.10;8.80;10.60;4.60;6.30;8.00;7.30;9.30;11.40;5.70;7.70;9.80;7.60;9.70;12.00;6.30;8.5;10.8;2.19;0.240;0.590;0.910;0.982;0.995;0.996;0.994;0.993;0.992;0.988;0.969;0.933;0.890;0.850;0.780;0.750;0.650;0.510;0.280;0.150; ; ; ; ; ; ; ; ; ; ;0.565;0.810;0.963;0.993;0.998;0.998;0.998;0.997;0.997;0.995;0.987;0.973;0.954;0.937;0.905;0.891;0.842;0.764;0.601;0.468;0.044; ; ; ; ; ; ; ; ; ;;1;1;51.2;1;1.3;4.43;590;591;677;0.55;0.81;5.84;6.9;111;0.304;580;1;2.19;1.78600;1.79298;1.80074;1.80999;1.81118;1.81643;1.82380;1.82745;1.82849;1.82946;1.83385;1.83404;1.83935;1.84981;1.85114;1.86275;1.87393;;;;;;;0.022363;0.022658;0.2346;0.4929;0.2948;0.2371;0.5786;;0.2315;0.5321;0.2453;0.2340;0.5124;;0.0055;0.0030;-0.0007;-0.0024;;834373.443; ;01.02.14;4.9;;;;;;
 SF6G05 ;1.80906;1.81661;25.27;25.08;52/46*;1.62113942E+00;5.06586092E-01;1.04032298E+01;1.13478992E-02;5.35840223E-02;1.11883658E+03;6.90E-06;1.76E-08;-3.17E-11;1.89E-06;1.50E-09;2.56E-01;6.40;10.30; ;4.00;7.80; ;7.00;11.40; ;5.50;9.80; ;7.50;12.10; ;6.30;10.9; ; ;0.660;0.721;0.915;0.987;0.994;0.962;0.950;0.931;0.898;0.805;0.330;0.080; ; ; ; ; ; ; ; ; ; ; ; ; ; ; ; ; ; ;0.847;0.877;0.965;0.995;0.998;0.985;0.980;0.972;0.958;0.917;0.642;0.090; ; ; ; ; ; ; ; ; ; ; ; ; ; ; ; ; ; ;;4;3;51.3;2.3;3.3;5.20;427; ;529; ; ;7.8;8.8; ; ;360;; ;1.75661;1.76163;1.76797;1.77741;1.77879;1.78524;1.79491;1.79988;1.80131;1.80265;1.80878;1.80906;1.81661;1.83190;1.83387;;;;;;;;;0.032015;0.032570;0.2013;0.4574;0.2866;0.2358;;;0.1979;0.4933;0.2380;0.2318;;;-0.0062;-0.0044;0.0025;;;809253.520;radiation resistant glass, lead containing glass type;13.7.22;2.9;;;;;;
 N-LASF43 ;1.80610;1.81081;40.61;40.36;42/34;1.93502827E+00;2.36629350E-01;1.26291344E+00;1.04001413E-02;4.47505292E-02;8.74375690E+01;4.77E-06;1.14E-08;-2.68E-12;6.62E-07;8.84E-10;2.34E-01;4.90;6.20;7.60;2.50;3.80;5.00;5.00;6.50;8.10;3.40;4.90;6.40;5.20;6.90;8.60;4.00;5.6;7.4;1.92;0.100;0.430;0.850;0.960;0.994;0.995;0.995;0.993;0.991;0.988;0.975;0.950;0.920;0.890;0.840;0.810;0.730;0.610;0.420;0.300;0.020; ; ; ; ; ; ; ; ; ;0.398;0.713;0.937;0.984;0.998;0.998;0.998;0.997;0.996;0.995;0.990;0.980;0.967;0.954;0.933;0.919;0.882;0.821;0.707;0.618;0.221; ; ; ; ; ; ; ; ; ;;1;1;51.3;1;2;4.26;614;615;699;0.55;0.81;5.49;6.66;114;0.29;720;2;1.92;1.75901;1.76662;1.77488;1.78413;1.78527;1.79018;1.79691;1.80020;1.80113;1.80200;1.80593;1.80610;1.81081;1.82005;1.82122;1.83137;1.84106;;;;;;;0.019850;0.020089;0.2476;0.5049;0.2972;0.2374;0.5703;;0.2446;0.5452;0.2473;0.2346;0.5053;;0.0149;0.0073;-0.0016;-0.0052;;806406.426; ;01.02.14;4.1;;;;;;
 P-LASF47 ;1.80610;1.81078;40.90;40.66;39/33;1.85543101E+00;3.15854649E-01;1.28561839E+00;1.00328203E-02;3.87095168E-02;9.45421507E+01;7.87E-06;1.09E-08;-1.56E-11;7.58E-07;8.92E-10;2.18E-01;6.80;8.30;9.80;4.50;5.90;7.30;6.90;8.60;10.30;5.40;7.00;8.70;7.10;8.90;10.80;5.90;7.7;9.5;2.39;0.200;0.530;0.880;0.981;0.998;0.996;0.995;0.995;0.994;0.994;0.988;0.975;0.963;0.950;0.930;0.920;0.890;0.830;0.720;0.650;0.350;0.030; ; ; ; ; ; ; ; ;0.525;0.776;0.950;0.992;0.999;0.998;0.998;0.998;0.998;0.998;0.995;0.990;0.985;0.980;0.971;0.967;0.954;0.928;0.877;0.842;0.657;0.250;0.012;0.000; ; ; ; ; ; ;;1;1;51.4;1;2.2;4.54;530;532;627;0.55;0.85;6.04;7.27;120;0.298;620;2;2.39;1.76040;1.76755;1.77538;1.78432;1.78544;1.79028;1.79696;1.80023;1.80116;1.80203;1.80593;1.80610;1.81078;1.81994;1.82110;1.83112;1.84064;1.85739;1.876320;;;;;0.019709;0.019941;0.2459;0.5049;0.2976;0.2376;0.5671;0.8502;0.2430;0.5453;0.2478;0.2348;0.5025;0.8403;0.0117;0.0066;-0.0021;-0.0079;-0.0482;806409.454;suitable for precision molding;01.02.14;;1;3;580;70;;
 N-SF6 ;1.80518;1.81266;25.36;25.16;45/37;1.77931763E+00;3.38149866E-01;2.08734474E+00;1.33714182E-02;6.17533621E-02;1.74017590E+02;-4.93E-06;7.02E-09;-2.40E-11;9.84E-07;1.54E-09;2.90E-01;-0.70;1.20;3.90;-3.00;-1.20;1.30;-0.80;1.50;4.80;-2.30;0.00;3.10;-0.80;1.80;5.40;-2.00;0.6;4.1;2.82;0.530;0.590;0.860;0.978;0.996;0.983;0.976;0.978;0.980;0.972;0.943;0.905;0.870;0.810;0.680;0.610;0.410;0.160;0.010; ; ; ; ; ; ; ; ; ; ; ;0.776;0.810;0.941;0.991;0.998;0.993;0.990;0.991;0.992;0.989;0.977;0.961;0.946;0.919;0.857;0.821;0.700;0.480;0.158;0.004; ; ; ; ; ; ; ; ; ; ;;1;0;2;1;1;3.37;589;593;669;0.69;0.96;9.03;10.34;93;0.262;550;4;2.82;1.74895;1.75541;1.76307;1.77341;1.77486;1.78144;1.79114;1.79608;1.79749;1.79883;1.80491;1.80518;1.81266;1.82783;1.82980;1.84738;1.86506;;;;;;;0.031750;0.032304;0.2074;0.4610;0.2867;0.2356;0.6158;;0.2039;0.4969;0.2380;0.2315;0.5443;;0.0031;-0.0010;0.0027;0.0146;;805254.337; ;22.05.18;3.4;;;;;;
 N-SF6HT ;1.80518;1.81266;25.36;25.16;44/37;1.77931763E+00;3.38149866E-01;2.08734474E+00;1.33714182E-02;6.17533621E-02;1.74017590E+02;-4.93E-06;7.02E-09;-2.40E-11;9.84E-07;1.54E-09;2.90E-01;-0.70;1.20;3.90;-3.00;-1.20;1.30;-0.80;1.50;4.80;-2.30;0.00;3.10;-0.80;1.80;5.40;-2.00;0.6;4.1;2.82;0.560;0.620;0.870;0.980;0.997;0.984;0.977;0.979;0.981;0.975;0.950;0.917;0.890;0.850;0.770;0.720;0.560;0.270;0.020; ; ; ; ; ; ; ; ; ; ; ;0.793;0.826;0.946;0.992;0.999;0.994;0.991;0.992;0.992;0.990;0.980;0.966;0.954;0.937;0.901;0.877;0.793;0.592;0.209;0.004; ; ; ; ; ; ; ; ; ; ;;1;0;2;1;1;3.37;589;593;669;0.69;0.96;9.03;10.34;93;0.262;550;4;2.82;1.74895;1.75541;1.76307;1.77341;1.77486;1.78144;1.79114;1.79608;1.79749;1.79883;1.80491;1.80518;1.81266;1.82783;1.82980;1.84738;1.86506;;;;;;;0.031750;0.032304;0.2074;0.4610;0.2867;0.2356;0.6158;;0.2039;0.4969;0.2380;0.2315;0.5443;;0.0031;-0.0010;0.0027;0.0146;;805254.337; ;22.05.18;4.4;;;;;;
 N-SF6HTultra ;1.80518;1.81266;25.36;25.16;43/37;1.77931763E+00;3.38149866E-01;2.08734474E+00;1.33714182E-02;6.17533621E-02;1.74017590E+02;-4.93E-06;7.02E-09;-2.40E-11;9.84E-07;1.54E-09;2.90E-01;-0.70;1.20;3.90;-3.00;-1.20;1.30;-0.80;1.50;4.80;-2.30;0.00;3.10;-0.80;1.80;5.40;-2.00;0.6;4.1;2.82;0.565;0.620;0.876;0.981;0.999;0.984;0.978;0.980;0.984;0.981;0.960;0.932;0.906;0.869;0.790;0.742;0.581;0.283;0.022; ; ; ; ; ; ; ; ; ; ; ;0.796;0.826;0.948;0.992;0.999;0.994;0.991;0.992;0.994;0.992;0.984;0.972;0.961;0.945;0.910;0.887;0.805;0.604;0.217;0.004; ; ; ; ; ; ; ; ; ; ;;1;0;2;1;1;3.37;589;593;669;0.69;0.96;9.03;10.34;93;0.262;550;4;2.82;1.74895;1.75541;1.76307;1.77341;1.77486;1.78144;1.79114;1.79608;1.79749;1.79883;1.80491;1.80518;1.81266;1.82783;1.82980;1.84738;1.86506;;;;;;;0.031750;0.032304;0.2074;0.4610;0.2867;0.2356;0.6158;;0.2039;0.4969;0.2380;0.2315;0.5443;;0.0031;-0.0010;0.0027;0.0146;;805254.337; ;22.05.18;6.0;;;;;;
 SF6 ;1.80518;1.81265;25.43;25.24;42/36;1.72448482E+00;3.90104889E-01;1.04572858E+00;1.34871947E-02;5.69318095E-02;1.18557185E+02;6.69E-06;1.78E-08;-3.36E-11;1.77E-06;1.70E-09;2.69E-01;6.10;9.90;14.50;3.70;7.40;11.90;6.80;11.10;16.20;5.30;9.50;14.60;7.30;11.80;17.40;6.10;10.6;16.1;0.65;0.740;0.790;0.930;0.991;0.999;0.997;0.996;0.995;0.996;0.996;0.991;0.978;0.955;0.920;0.840;0.800;0.660;0.440;0.130;0.030; ; ; ; ; ; ; ; ; ; ;0.887;0.910;0.971;0.996;0.999;0.999;0.998;0.998;0.999;0.998;0.996;0.991;0.982;0.967;0.933;0.915;0.847;0.720;0.442;0.246; ; ; ; ; ; ; ; ; ; ;;2;3;51.3;2.3;3.3;5.18;423;410;538;0.389;0.673;8.1;9;55;0.244;370;1;0.65;1.75302;1.75813;1.76444;1.77380;1.77517;1.78157;1.79117;1.79609;1.79750;1.79884;1.80491;1.80518;1.81265;1.82775;1.82970;1.84707;1.86436;1.89703;;;;;;0.031660;0.032201;0.2020;0.4588;0.2871;0.2359;0.6102;1.0316;0.1986;0.4950;0.2384;0.2319;0.5393;1.0143;-0.0048;-0.0033;0.0020;0.0092;0.0669;805254.518;lead containing glass type;01.02.14;1.9;;;;;;
 SF6HT ;1.80518;1.81265;25.43;25.24;41/36;1.72448482E+00;3.90104889E-01;1.04572858E+00;1.34871947E-02;5.69318095E-02;1.18557185E+02;6.69E-06;1.78E-08;-3.36E-11;1.77E-06;1.70E-09;2.69E-01;6.10;9.90;14.50;3.70;7.40;11.90;6.80;11.10;16.20;5.30;9.50;14.60;7.30;11.80;17.40;6.10;10.6;16.1;0.65;0.740;0.790;0.930;0.991;0.999;0.997;0.996;0.995;0.996;0.996;0.991;0.981;0.967;0.943;0.890;0.860;0.750;0.520;0.180;0.050; ; ; ; ; ; ; ; ; ; ;0.887;0.910;0.971;0.996;0.999;0.999;0.998;0.998;0.999;0.998;0.996;0.992;0.987;0.977;0.954;0.941;0.891;0.770;0.504;0.302; ; ; ; ; ; ; ; ; ; ;;2;3;51.3;2.3;3.3;5.18;423;410;538;0.389;0.673;8.1;9;55;0.244;370;1;0.65;1.75302;1.75813;1.76444;1.77380;1.77517;1.78157;1.79117;1.79609;1.79750;1.79884;1.80491;1.80518;1.81265;1.82775;1.82970;1.84707;1.86436;1.89703;;;;;;0.031660;0.032201;0.2020;0.4588;0.2871;0.2359;0.6102;1.0316;0.1986;0.4950;0.2384;0.2319;0.5393;1.0143;-0.0048;-0.0033;0.0020;0.0092;0.0669;805254.518;lead containing glass type;01.02.14;2.6;;;;;;
 N-LASF44 ;1.80420;1.80832;46.50;46.25;40/31;1.78897105E+00;3.86758670E-01;1.30506243E+00;8.72506277E-03;3.08085023E-02;9.27743824E+01;3.32E-06;1.12E-08;-8.52E-12;5.88E-07;7.13E-10;2.09E-01;4.00;5.10;6.10;1.60;2.60;3.60;4.00;5.30;6.50;2.50;3.70;4.90;4.20;5.60;6.90;3.00;4.4;5.7;1.41;0.150;0.470;0.870;0.975;0.995;0.996;0.995;0.995;0.995;0.995;0.989;0.977;0.965;0.950;0.920;0.910;0.870;0.793;0.685;0.615;0.351;0.088; ; ; ; ; ; ; ; ;0.468;0.739;0.946;0.990;0.998;0.998;0.998;0.998;0.998;0.998;0.996;0.991;0.986;0.980;0.967;0.963;0.946;0.911;0.860;0.823;0.658;0.378;0.152;0.068;0.029; ; ; ; ; ;;1;1;4;1;1;4.44;655;659;742;0.53;0.82;6.21;7.39;124;0.293;770;2;1.41;1.76070;1.76801;1.77590;1.78455;1.78560;1.79006;1.79609;1.79901;1.79983;1.80060;1.80405;1.80420;1.80832;1.81630;1.81731;1.82594;1.83405;;;;;;;0.017294;0.017476;0.2582;0.5171;0.3002;0.2380;0.5572;;0.2555;0.5588;0.2501;0.2355;0.4941;;0.0098;0.0058;-0.0021;-0.0084;;804465.444;step 0.5 available;01.02.14;7.5;;;;;;
 N-LASF45 ;1.80107;1.80650;34.97;34.72;44/35;1.87140198E+00;2.67777879E-01;1.73030008E+00;1.12171920E-02;5.05134972E-02;1.47106505E+02;2.78E-06;8.73E-09;-2.65E-11;8.24E-07;1.15E-09;2.55E-01;3.80;5.40;7.30;1.40;3.00;4.70;3.80;5.70;7.90;2.30;4.10;6.20;3.80;5.90;8.30;2.60;4.7;7;2.01;0.581;0.724;0.932;0.988;0.997;0.990;0.987;0.984;0.986;0.982;0.958;0.915;0.870;0.820;0.720;0.680;0.550;0.370;0.150;0.060; ; ; ; ; ; ; ; ; ; ;0.805;0.879;0.972;0.995;0.999;0.996;0.995;0.994;0.994;0.993;0.983;0.965;0.946;0.924;0.877;0.857;0.787;0.672;0.476;0.336;0.012; ; ; ; ; ; ; ; ; ;;1;0;3.2;1;1;3.63;647;652;773;0.66;1.02;7.36;8.56;116;0.281;630;3;2.01;1.75487;1.76104;1.76809;1.77689;1.77805;1.78325;1.79066;1.79436;1.79541;1.79640;1.80087;1.80107;1.80650;1.81726;1.81864;1.83068;1.84237;;;;;;;0.022905;0.023227;0.2268;0.4849;0.2930;0.2368;0.5859;;0.2237;0.5235;0.2437;0.2336;0.5186;;0.0009;0.0005;0.0001;0.0009;;801350.363; ;01.02.14;5.4;;;;;;
 N-LAF21 ;1.78800;1.79195;47.49;47.25;39/32;1.87134529E+00;2.50783010E-01;1.22048639E+00;9.33322280E-03;3.45637762E-02;8.32404866E+01;3.11E-06;1.13E-08;-2.07E-11;5.88E-07;6.32E-10;1.99E-01;3.80;4.80;5.80;1.40;2.40;3.30;3.90;5.10;6.20;2.30;3.50;4.60;4.00;5.30;6.50;2.80;4.1;5.3;1.46;0.121;0.429;0.862;0.971;0.996;0.994;0.993;0.992;0.992;0.993;0.989;0.976;0.964;0.952;0.928;0.916;0.878;0.814;0.707;0.634;0.333;0.040; ; ; ; ; ; ; ; ;0.430;0.713;0.942;0.988;0.998;0.998;0.997;0.997;0.997;0.997;0.996;0.990;0.985;0.981;0.971;0.966;0.949;0.921;0.870;0.833;0.644;0.276;0.030; ; ; ; ; ; ; ;;1;1;51.3;1;1.3;4.28;653;659;729;0.55;0.83;5.99;7.08;124;0.295;730;2;1.46;1.74419;1.75191;1.76014;1.76892;1.76995;1.77434;1.78019;1.78301;1.78380;1.78454;1.78785;1.78800;1.79195;1.79960;1.80056;1.80882;1.81657;1.83002;;;;;;0.016593;0.016761;0.2646;0.5222;0.3009;0.2380;0.5555;0.8106;0.2619;0.5641;0.2507;0.2356;0.4927;0.8025;0.0165;0.0086;-0.0024;-0.0084;-0.0481;788475.428; ;01.02.14;6.2;;;;;;
 N-LAF33 ;1.78582;1.79007;44.05;43.80;39/32;1.79653417E+00;3.11577903E-01;1.15981863E+00;9.27313493E-03;3.58201181E-02;8.73448712E+01;8.17E-06;1.24E-08;-1.65E-11;7.11E-07;8.59E-10;2.10E-01;6.80;8.10;9.40;4.40;5.70;7.00;7.00;8.50;10.00;5.50;6.90;8.40;7.20;8.90;10.50;6.00;7.6;9.3;2.21;0.154;0.478;0.868;0.974;0.998;0.996;0.995;0.994;0.994;0.994;0.988;0.973;0.959;0.946;0.922;0.910;0.874;0.813;0.714;0.648;0.399;0.090;0.002; ; ; ; ; ; ; ;0.473;0.744;0.945;0.990;0.999;0.998;0.998;0.998;0.998;0.998;0.995;0.989;0.983;0.978;0.968;0.963;0.948;0.921;0.874;0.841;0.692;0.382;0.076; ; ; ; ; ; ; ;;1;2;52.2;1;3;4.36;600;585;673;0.57;0.8;5.6;6.7;111;0.301;730;1;2.21;1.74262;1.74968;1.75732;1.76584;1.76689;1.77138;1.77751;1.78049;1.78134;1.78213;1.78567;1.78582;1.79007;1.79833;1.79937;1.80837;1.81687;1.83175;;;;;;0.017839;0.018038;0.2520;0.5107;0.2988;0.2378;0.5626;0.8339;0.2492;0.5518;0.2488;0.2351;0.4987;0.8247;0.0088;0.0052;-0.0018;-0.0071;-0.0443;786441.436;suitable for precision molding;01.02.14;4.4;1;6;628;67;January 2029;
 N-SF11 ;1.78472;1.79192;25.68;25.47;44/37;1.73759695E+00;3.13747346E-01;1.89878101E+00;1.31887070E-02;6.23068142E-02;1.55236290E+02;-3.56E-06;9.20E-09;-2.10E-11;9.65E-07;1.44E-09;2.94E-01;0.10;2.00;4.60;-2.30;-0.50;2.10;0.10;2.40;5.60;-1.40;0.80;4.00;0.20;2.70;6.30;-1.00;1.5;5.1;2.94;0.620;0.700;0.915;0.985;0.998;0.985;0.981;0.981;0.984;0.978;0.953;0.920;0.870;0.810;0.670;0.600;0.390;0.120;0.002; ; ; ; ; ; ; ; ; ; ; ;0.826;0.867;0.965;0.994;0.999;0.994;0.992;0.992;0.994;0.991;0.981;0.967;0.946;0.919;0.852;0.815;0.686;0.428;0.083; ; ; ; ; ; ; ; ; ; ; ;;1;0;1;1;1;3.22;592;590;688;0.71;0.95;8.52;9.85;92;0.257;615;4;2.94;1.72937;1.73600;1.74377;1.75401;1.75542;1.76182;1.77119;1.77596;1.77732;1.77860;1.78446;1.78472;1.79192;1.80651;1.80841;1.82533;1.84235;;;;;;;0.030558;0.031088;0.2095;0.4625;0.2868;0.2355;0.6156;;0.2059;0.4984;0.2381;0.2315;0.5442;;0.0052;-0.0003;0.0027;0.0150;;785257.322; ;01.02.14;2.2;;;;;;
 SF11 ;1.78472;1.79190;25.76;25.55;44/39;1.73848403E+00;3.11168974E-01;1.17490871E+00;1.36068604E-02;6.15960463E-02;1.21922711E+02;1.12E-05;1.81E-08;-5.03E-11;1.46E-06;1.58E-09;2.82E-01;8.40;11.70;15.80;6.10;9.20;13.30;9.20;12.90;17.60;7.70;11.30;16.00;9.60;13.60;18.70;8.40;12.4;17.4;1.33;0.610;0.700;0.930;0.982;0.997;0.993;0.991;0.991;0.991;0.989;0.976;0.940;0.860;0.700;0.340;0.200;0.010; ; ; ; ; ; ; ; ; ; ; ; ; ;0.821;0.867;0.971;0.993;0.999;0.997;0.996;0.996;0.996;0.996;0.990;0.976;0.941;0.867;0.650;0.525;0.180; ; ; ; ; ; ; ; ; ; ; ; ; ;;1;0;1;1.2;1;4.74;503;500;635;0.431;0.737;6.1;6.8;66;0.235;450;1;1.33;1.73294;1.73843;1.74506;1.75445;1.75579;1.76200;1.77125;1.77599;1.77734;1.77862;1.78446;1.78472;1.79190;1.80645;1.80834;1.82518;1.84208;;;;;;;0.030467;0.030997;0.2039;0.4590;0.2866;0.2356;0.6147;;0.2004;0.4949;0.2380;0.2316;0.5433;;-0.0043;-0.0040;0.0029;0.0142;;785258.474;lead containing;01.02.14;1.7;;;;;;
 SF56A ;1.78470;1.79180;26.08;25.87;42/37;1.70579259E+00;3.44223052E-01;1.09601828E+00;1.33874699E-02;5.79561608E-02;1.21616024E+02;6.02E-06;1.70E-08;-2.61E-11;1.63E-06;1.59E-09;2.69E-01;5.60;9.00;13.10;3.30;6.60;10.60;6.20;10.00;14.70;4.70;8.50;13.10;6.60;10.70;15.80;5.50;9.5;14.5;1.1;0.700;0.760;0.920;0.989;0.997;0.995;0.993;0.994;0.994;0.994;0.989;0.974;0.950;0.900;0.760;0.680;0.410;0.100;0.010; ; ; ; ; ; ; ; ; ; ; ;0.867;0.896;0.967;0.996;0.999;0.998;0.997;0.998;0.998;0.998;0.996;0.990;0.980;0.959;0.896;0.857;0.700;0.398;0.120;0.040; ; ; ; ; ; ; ; ; ; ;;1;1;3.2;2.2;3.2;4.92;429;426;556;0.4;0.69;7.9;8.8;57;0.239;380;1;1.1;1.73406;1.73925;1.74559;1.75473;1.75606;1.76220;1.77136;1.77605;1.77740;1.77866;1.78444;1.78470;1.79180;1.80615;1.80800;1.82449;1.84092;;;;;;;0.030092;0.030603;0.2040;0.4605;0.2874;0.2359;0.6098;;0.2006;0.4967;0.2387;0.2319;0.5390;;-0.0042;-0.0032;0.0021;0.0098;;785261.492;lead containing glass type;01.02.14;2.7;;;;;;
 N-LAF34 ;1.77250;1.77621;49.62;49.38;38/30;1.75836958E+00;3.13537785E-01;1.18925231E+00;8.72810026E-03;2.93020832E-02;8.51780644E+01;3.89E-06;1.02E-08;-1.91E-11;5.88E-07;7.57E-10;1.81E-01;4.20;5.20;6.20;1.90;2.80;3.70;4.30;5.40;6.50;2.70;3.90;4.90;4.40;5.60;6.80;3.20;4.4;5.5;1.44;0.139;0.449;0.868;0.973;0.998;0.996;0.996;0.995;0.995;0.996;0.993;0.986;0.978;0.971;0.958;0.950;0.929;0.891;0.828;0.785;0.600;0.332;0.117;0.027; ; ; ; ; ; ;0.454;0.726;0.945;0.989;0.999;0.998;0.998;0.998;0.998;0.998;0.997;0.994;0.991;0.988;0.983;0.980;0.971;0.955;0.927;0.908;0.815;0.643;0.424;0.236;0.069; ; ; ; ; ;;1;1;51.3;1;1;4.24;668;659;745;0.56;0.8;5.8;7;123;0.292;770;2;1.44;1.73085;1.73824;1.74610;1.75447;1.75546;1.75962;1.76515;1.76780;1.76855;1.76924;1.77236;1.77250;1.77621;1.78337;1.78427;1.79196;1.79915;;;;;;;0.015568;0.015719;0.2674;0.5256;0.3018;0.2382;0.5518;;0.2648;0.5679;0.2515;0.2359;0.4895;;0.0126;0.0070;-0.0023;-0.0085;;773496.424; ;08.07.15;5.6;;;;;;
 N-SF14 ;1.76182;1.76859;26.53;26.32;42/36;1.69022361E+00;2.88870052E-01;1.70451870E+00;1.30512113E-02;6.13691880E-02;1.49517689E+02;-5.56E-06;7.09E-09;-1.09E-11;9.85E-07;1.39E-09;2.87E-01;-0.90;0.90;3.40;-3.20;-1.50;0.90;-1.10;1.10;4.10;-2.60;-0.40;2.50;-1.10;1.40;4.70;-2.20;0.2;3.4;2.89;0.570;0.640;0.880;0.980;0.998;0.985;0.987;0.987;0.987;0.983;0.964;0.938;0.910;0.870;0.790;0.750;0.610;0.330;0.040;0.004; ; ; ; ; ; ; ; ; ; ;0.799;0.837;0.950;0.992;0.999;0.994;0.995;0.995;0.995;0.993;0.985;0.975;0.963;0.946;0.910;0.891;0.821;0.642;0.276;0.095; ; ; ; ; ; ; ; ; ; ;;1;0;1;1;1;3.12;566;562;657;0.75;1;9.41;10.87;88;0.259;515;5;2.89;1.70954;1.71581;1.72315;1.73284;1.73417;1.74022;1.74907;1.75356;1.75485;1.75606;1.76157;1.76182;1.76859;1.78228;1.78405;1.79986;1.81570;;;;;;;0.028715;0.029204;0.2107;0.4646;0.2875;0.2357;0.6122;;0.2072;0.5008;0.2387;0.2318;0.5413;;0.0044;-0.0002;0.0024;0.0130;;762265.312; ;09.01.19;2.2;;;;;;
 P-LAF37 ;1.75550;1.75944;45.66;45.42;37/31;1.76003244E+00;2.48286745E-01;1.15935122E+00;9.38006396E-03;3.60537464E-02;8.64324693E+01;7.03E-06;1.15E-08;7.48E-13;7.25E-07;8.36E-10;2.06E-01;6.10;7.40;8.70;3.80;5.00;6.20;6.10;7.60;9.00;4.60;6.10;7.50;6.40;8.00;9.50;5.20;6.8;8.3;2.26;0.232;0.598;0.922;0.991;0.998;0.997;0.995;0.995;0.995;0.995;0.992;0.982;0.973;0.965;0.949;0.941;0.914;0.862;0.775;0.712;0.450;0.145;0.014; ; ; ; ; ; ; ;0.558;0.814;0.968;0.997;0.999;0.999;0.998;0.998;0.998;0.998;0.997;0.993;0.989;0.986;0.979;0.976;0.965;0.943;0.903;0.873;0.727;0.462;0.181;0.040; ; ; ; ; ; ;;1;3;52.3;1;3;3.99;506;510;593;0.64;0.9;6.26;7.8;115;0.296;697;;2.26;1.71338;1.72058;1.72830;1.73669;1.73770;1.74198;1.74775;1.75054;1.75132;1.75206;1.75535;1.75550;1.75944;1.76708;1.76804;1.77633;1.78414;;;;;;;0.016546;0.016722;0.2591;0.5170;0.2999;0.2379;0.5590;;0.2563;0.5585;0.2498;0.2354;0.4957;;0.0145;0.0077;-0.0022;-0.0080;;755457.399;suitable for precision molding;07.02.24;;1;4;546;67;;
 SF4 ;1.75520;1.76167;27.58;27.37;40/35;1.61957826E+00;3.39493189E-01;1.02566931E+00;1.25502104E-02;5.44559822E-02;1.17652222E+02;5.60E-06;1.70E-08;-5.27E-11;1.54E-06;1.46E-09;2.66E-01;5.10;8.10;11.80;2.80;5.70;9.40;5.70;9.20;13.30;4.30;7.70;11.80;6.00;9.70;14.20;4.90;8.5;13;1.36;0.660;0.740;0.910;0.989;0.996;0.996;0.995;0.995;0.996;0.996;0.991;0.980;0.967;0.950;0.910;0.890;0.820;0.690;0.450;0.280; ; ; ; ; ; ; ; ; ; ;0.847;0.887;0.963;0.996;0.998;0.998;0.998;0.998;0.998;0.998;0.996;0.992;0.987;0.980;0.963;0.954;0.924;0.862;0.727;0.601;0.090; ; ; ; ; ; ; ; ; ;;1;2;4.3;2.3;3.3;4.79;420;415;552;0.41;0.65;8;8.9;56;0.241;390;1;1.36;1.70789;1.71294;1.71904;1.72765;1.72888;1.73456;1.74300;1.74730;1.74853;1.74969;1.75496;1.75520;1.76167;1.77468;1.77636;1.79121;1.80589;1.83330;;;;;;0.027383;0.027829;0.2076;0.4650;0.2886;0.2361;0.6036;1.0012;0.2042;0.5018;0.2398;0.2323;0.5337;0.9851;-0.0032;-0.0022;0.0014;0.0062;0.0443;755276.479;lead containing glass type;01.02.14;1.9;;;;;;
 N-SF4 ;1.75513;1.76164;27.38;27.16;43/36;1.67780282E+00;2.82849893E-01;1.63539276E+00;1.26793450E-02;6.02038419E-02;1.45760496E+02;-4.88E-06;6.57E-09;-2.72E-11;9.67E-07;1.48E-09;2.82E-01;-0.50;1.20;3.50;-2.90;-1.20;1.00;-0.70;1.40;4.20;-2.20;-0.10;2.60;-0.80;1.60;4.70;-1.90;0.4;3.5;2.76;0.530;0.602;0.863;0.980;0.999;0.984;0.978;0.979;0.982;0.977;0.948;0.906;0.861;0.802;0.687;0.628;0.471;0.238;0.031;0.003; ; ; ; ; ; ; ; ; ; ;0.776;0.816;0.943;0.992;0.999;0.994;0.991;0.992;0.993;0.991;0.979;0.961;0.942;0.916;0.861;0.830;0.740;0.563;0.249;0.100; ; ; ; ; ; ; ; ; ; ;;1;0;1.3;1;1;3.15;570;559;661;0.76;0.95;9.45;10.87;90;0.256;520;6;2.76;1.70434;1.71052;1.71773;1.72717;1.72846;1.73432;1.74286;1.74719;1.74842;1.74959;1.75489;1.75513;1.76164;1.77477;1.77647;1.79158;1.80668;;;;;;;0.027583;0.028044;0.2123;0.4666;0.2880;0.2358;0.6096;;0.2088;0.5030;0.2392;0.2319;0.5390;;0.0040;-0.0002;0.0022;0.0118;;755274.315; ;15.04.15;2.9;;;;;;
 N-LAK33B ;1.75500;1.75844;52.30;52.07;37/28;1.42288601E+00;5.93661336E-01;1.16135260E+00;6.70283452E-03;2.19416210E-02;8.07407701E+01;2.77E-06;1.24E-08;1.22E-11;5.19E-07;6.02E-10;1.84E-01;3.50;4.40;5.20;1.20;2.00;2.80;3.50;4.50;5.40;2.00;3.00;3.90;3.90;4.90;5.90;2.70;3.7;4.7;1.43;0.100;0.380;0.850;0.963;0.995;0.995;0.994;0.993;0.994;0.995;0.993;0.986;0.979;0.971;0.956;0.950;0.930;0.890;0.830;0.790;0.610;0.350;0.140;0.030;0.010; ; ; ; ; ;0.398;0.679;0.937;0.985;0.998;0.998;0.998;0.997;0.998;0.998;0.997;0.994;0.992;0.988;0.982;0.980;0.971;0.954;0.928;0.910;0.821;0.657;0.455;0.283;0.217;0.118;0.022; ; ; ;;1;1;51.3;1;2;4.22;668;670;750;0.56;0.89;5.83;7.06;122;0.295;797;;1.43;1.71387;1.72155;1.72962;1.73796;1.73892;1.74292;1.74814;1.75062;1.75132;1.75197;1.75487;1.75500;1.75844;1.76506;1.76589;1.77296;1.77954;1.79082;1.803060;1.814360;1.824710;;;0.014436;0.014566;0.2768;0.5337;0.3032;0.2383;0.5473;0.7813;0.2744;0.5767;0.2527;0.2362;0.4857;0.7743;0.0175;0.0089;-0.0024;-0.0085;-0.0484;755523.422;;01.02.14;11.8;1;4;702;;;
 N-LAF7 ;1.74950;1.75459;34.82;34.56;41/36;1.74028764E+00;2.26710554E-01;1.32525548E+00;1.07925580E-02;5.38626639E-02;1.06268665E+02;9.21E-07;1.10E-08;-1.75E-11;7.67E-07;1.10E-09;2.64E-01;2.50;3.90;5.60;0.20;1.50;3.10;2.60;4.30;6.30;1.10;2.70;4.70;2.70;4.60;6.80;1.60;3.4;5.6;2.57;0.372;0.682;0.924;0.987;0.996;0.993;0.992;0.992;0.990;0.985;0.971;0.943;0.914;0.874;0.812;0.779;0.683;0.515;0.246;0.090; ; ; ; ; ; ; ; ; ; ;0.673;0.858;0.969;0.995;0.998;0.997;0.997;0.997;0.996;0.994;0.988;0.977;0.965;0.948;0.920;0.905;0.859;0.767;0.571;0.382; ; ; ; ; ; ; ; ; ; ;;1;2;51.3;1.2;1.2;3.73;568;563;669;0.62;0.83;7.3;8.39;96;0.271;530;5;2.57;1.70344;1.71021;1.71772;1.72659;1.72773;1.73272;1.73972;1.74320;1.74419;1.74511;1.74931;1.74950;1.75459;1.76472;1.76602;1.77741;1.78854;;;;;;;0.021525;0.021833;0.2317;0.4870;0.2928;0.2366;0.5894;;0.2284;0.5254;0.2434;0.2333;0.5218;;0.0085;0.0029;0.0005;0.0042;;749348.373; ;01.09.21;2.2;;;;;;
 N-LAK28 ;1.74429;1.74778;50.77;50.54;40/34;1.50441986E+00;4.74120561E-01;1.17784354E+00;7.19665592E-03;2.49143227E-02;8.31443210E+01;5.01E-06;1.12E-08;-1.08E-11;4.68E-07;3.34E-10;2.26E-01;4.70;5.60;6.60;2.40;3.30;4.10;4.70;5.70;6.70;3.30;4.20;5.20;4.90;5.90;7.00;3.70;4.7;5.8;1.71;;0.410;0.880;0.980;0.995;0.994;0.993;0.993;0.993;0.994;0.992;0.980;0.970;0.950;0.900;0.870;0.800;0.670;0.500;0.390;0.090;;;;;;;;;;;0.700;0.950;0.992;0.998;0.998;0.997;0.997;0.997;0.998;0.997;0.992;0.988;0.980;0.959;0.950;0.910;0.850;0.760;0.690;0.380;;;;;;;;;;;2;1;52.3;1;3.3;4.09;625;;;0.595;0.837;5.7;6.8;117;0.291;740;;1.71;1.70318;1.71077;1.71877;1.72709;1.72805;1.73207;1.73734;1.73985;1.74056;1.74121;1.74416;1.74429;1.74778;1.75451;1.75535;1.76257;1.76931;1.78090;;;;;;0.014660;0.014797;0.2740;0.5307;0.3025;0.2382;0.5499;0.7905;0.2715;0.5734;0.2521;0.2360;0.4879;0.7832;0.0189;0.0095;-0.0024;-0.0085;-0.0484;744508.409;;01.09.21;5.2;;;;;;
 N-LAF2 ;1.74397;1.74791;44.85;44.57;40/34;1.80984227E+00;1.57295550E-01;1.09300370E+00;1.01711622E-02;4.42431765E-02;1.00687748E+02;-3.64E-06;9.20E-09;-6.00E-12;6.43E-07;6.11E-10;2.20E-01;0.00;1.00;2.10;-2.30;-1.30;-0.30;-0.10;1.00;2.30;-1.60;-0.50;0.70;-0.10;1.20;2.50;-1.20;0;1.3;1.42;0.400;0.690;0.883;0.985;0.997;0.996;0.993;0.992;0.993;0.994;0.983;0.962;0.940;0.915;0.865;0.840;0.760;0.630;0.430;0.310;0.025; ; ; ; ; ; ; ; ; ;0.693;0.862;0.951;0.994;0.999;0.998;0.997;0.997;0.997;0.998;0.993;0.985;0.976;0.965;0.944;0.933;0.896;0.831;0.713;0.626;0.229; ; ; ; ; ; ; ; ; ;;2;3;52.2;1;2.2;4.30;653;645;734;0.51;0.67;8.06;9.1;94;0.288;530;6;1.42;1.70582;1.71169;1.71816;1.72563;1.72656;1.73064;1.73627;1.73903;1.73981;1.74054;1.74383;1.74397;1.74791;1.75562;1.75659;1.76500;1.77298;1.78703;;;;;;0.016588;0.016780;0.2459;0.5057;0.2979;0.2377;0.5656;0.8470;0.2431;0.5464;0.2481;0.2350;0.5012;0.8373;-0.0061;-0.0017;-0.0004;-0.0027;-0.0202;744449.430; ;07.02.24;2.4;;;;;;
 SF3 ;1.74000;1.74620;28.20;27.98;40/35;1.57230542E+00;3.39661149E-01;1.03593712E+00;1.20382183E-02;5.31603583E-02;1.20005381E+02;3.72E-06;1.74E-08;-3.21E-11;1.49E-06;1.41E-09;2.60E-01;4.00;6.80;10.20;1.70;4.50;7.70;4.60;7.80;11.50;3.10;6.20;10.00;5.00;8.40;12.40;3.80;7.2;11.2;1.53;;0.760;0.910;0.986;0.995;0.998;0.997;0.997;0.995;0.993;0.990;0.977;0.960;0.930;0.880;0.860;0.780;0.650;0.460;0.340;;;;;;;;;;;;0.900;0.963;0.994;0.998;0.999;0.999;0.999;0.998;0.997;0.996;0.991;0.984;0.971;0.950;0.940;0.910;0.840;0.730;0.650;;;;;;;;;;;;1;2;4.3;2.3;2.3;4.64;415;404;548;0.423;0.706;8.4;9.5;56;0.236;380;;1.53;1.69410;1.69910;1.70511;1.71350;1.71469;1.72017;1.72829;1.73242;1.73360;1.73471;1.73977;1.74000;1.74620;1.75866;1.76027;1.77446;1.78846;1.81452;;;;;;0.026244;0.026667;0.2090;0.4665;0.2890;0.2362;0.6020;0.9929;0.2057;0.5034;0.2401;0.2325;0.5323;0.9772;-0.0032;-0.0021;0.0012;0.0056;0.0386;740282.464;lead containing glass type;01.09.21;4.2;;;;;;
 N-LAK34 ;1.72916;1.73235;54.50;54.27;37/28;1.26661442E+00;6.65919318E-01;1.12496120E+00;5.89278062E-03;1.97509041E-02;7.88894174E+01;1.96E-06;9.65E-09;4.40E-12;4.91E-07;5.28E-10;1.61E-01;3.10;3.90;4.60;0.80;1.50;2.20;3.00;3.80;4.60;1.50;2.30;3.10;3.10;4.00;4.90;2.00;2.9;3.7;1.52;0.100;0.370;0.850;0.960;0.995;0.997;0.997;0.996;0.995;0.997;0.994;0.987;0.979;0.972;0.959;0.952;0.940;0.910;0.860;0.820;0.670;0.430;0.200;0.070;0.030;0.010; ; ; ; ;0.398;0.672;0.937;0.984;0.998;0.999;0.999;0.998;0.998;0.999;0.998;0.995;0.992;0.989;0.983;0.981;0.976;0.963;0.941;0.924;0.852;0.713;0.525;0.377;0.281;0.168;0.073;0.014; ; ;;1;0;52.3;1;2.3;4.02;668;668;740;0.52;0.82;5.81;6.91;117;0.29;740;2;1.52;1.68925;1.69695;1.70500;1.71315;1.71407;1.71787;1.72277;1.72509;1.72574;1.72634;1.72904;1.72916;1.73235;1.73847;1.73923;1.74575;1.75180;1.76214;1.773310;1.783590;1.792960;;;0.013379;0.013493;0.2841;0.5398;0.3042;0.2384;0.5443;0.7726;0.2817;0.5833;0.2536;0.2364;0.4832;0.7661;0.0204;0.0099;-0.0024;-0.0079;-0.0423;729545.402; ;02.03.17;9.6;;;;;;
 N-SF10 ;1.72828;1.73430;28.53;28.31;42/36;1.62153902E+00;2.56287842E-01;1.64447552E+00;1.22241457E-02;5.95736775E-02;1.47468793E+02;-4.68E-06;7.41E-09;-1.89E-11;9.49E-07;1.42E-09;2.79E-01;-0.40;1.30;3.40;-2.70;-1.10;1.00;-0.50;1.50;4.10;-2.00;-0.10;2.50;-0.50;1.70;4.60;-1.70;0.5;3.4;2.92;0.660;0.760;0.930;0.985;0.990;0.983;0.976;0.977;0.978;0.973;0.945;0.910;0.870;0.820;0.700;0.640;0.450;0.200; ; ; ; ; ; ; ; ; ; ; ; ;0.847;0.896;0.971;0.994;0.996;0.993;0.990;0.991;0.991;0.989;0.978;0.963;0.946;0.924;0.867;0.837;0.727;0.525;0.176;0.058; ; ; ; ; ; ; ; ; ; ;;1;0;1;1;1;3.05;559;549;652;0.74;0.96;9.4;10.8;87;0.252;540;5;2.92;1.67981;1.68597;1.69308;1.70217;1.70340;1.70891;1.71688;1.72091;1.72206;1.72314;1.72806;1.72828;1.73430;1.74643;1.74800;1.76191;1.77578;;;;;;;0.025524;0.025941;0.2160;0.4701;0.2888;0.2359;0.6066;;0.2125;0.5068;0.2398;0.2321;0.5365;;0.0057;0.0007;0.0019;0.0108;;728285.305; ;01.02.14;1.6;;;;;;
 SF10 ;1.72825;1.73430;28.41;28.19;41/37;1.61625977E+00;2.59229334E-01;1.07762317E+00;1.27534559E-02;5.81983954E-02;1.16607680E+02;5.31E-06;1.59E-08;-4.07E-11;1.28E-06;1.32E-09;2.70E-01;4.80;7.30;10.30;2.50;4.90;7.90;5.30;8.10;11.60;3.80;6.60;10.00;5.60;8.60;12.40;4.40;7.4;11.1;1.95;0.690;0.760;0.920;0.987;0.997;0.995;0.993;0.993;0.995;0.995;0.989;0.978;0.961;0.920;0.790;0.690;0.370;0.060; ; ; ; ; ; ; ; ; ; ; ; ;0.862;0.896;0.967;0.995;0.999;0.998;0.997;0.997;0.998;0.998;0.996;0.991;0.984;0.967;0.910;0.862;0.672;0.360;0.080;0.020; ; ; ; ; ; ; ; ; ; ;;1;0;1;1.2;2;4.28;454;445;595;0.465;0.741;7.5;8.4;64;0.232;430;1;1.95;1.68218;1.68750;1.69378;1.70227;1.70345;1.70887;1.71681;1.72085;1.72200;1.72309;1.72803;1.72825;1.73430;1.74648;1.74805;1.76198;1.77579;;;;;;;0.025633;0.026051;0.2111;0.4674;0.2888;0.2361;0.6046;;0.2077;0.5042;0.2399;0.2323;0.5346;;-0.0012;-0.0017;0.0017;0.0085;;728284.428;lead containing glass type;01.02.14;1.9;;;;;;
 P-SF69 ;1.72250;1.72833;29.23;29.00;41/36;1.62594647E+00;2.35927609E-01;1.67434623E+00;1.21696677E-02;6.00710405E-02;1.45651908E+02;-2.55E-06;5.68E-09;-2.85E-11;9.50E-07;1.54E-09;2.75E-01;0.90;2.50;4.60;-1.40;0.10;2.10;0.60;2.60;5.20;-0.80;1.10;3.60;0.50;2.80;5.60;-0.60;1.6;4.4;2.66;0.580;0.680;0.890;0.983;0.998;0.994;0.993;0.993;0.994;0.992;0.983;0.964;0.940;0.910;0.840;0.800;0.660;0.390;0.080;0.009; ; ; ; ; ; ; ; ; ; ;0.804;0.857;0.954;0.993;0.999;0.998;0.997;0.997;0.998;0.997;0.993;0.985;0.976;0.963;0.933;0.915;0.847;0.686;0.364;0.160;0.000; ; ; ; ; ; ; ; ; ;;1;0;1;1;1;2.93;508;508;602;0.82;1.12;8.99;11.13;96;0.251;612;;2.66;1.67440;1.68073;1.68797;1.69705;1.69826;1.70367;1.71144;1.71535;1.71647;1.71752;1.72229;1.72250;1.72833;1.74007;1.74158;1.75502;1.76840;;;;;;;0.024718;0.025116;0.2188;0.4727;0.2893;0.2360;0.6050;;0.2153;0.5096;0.2403;0.2322;0.5352;;0.0078;0.0016;0.0017;0.0104;;723292.293;suitable for precision molding;13.11.25;;1;1;547;142;;
 N-KZFS8 ;1.72047;1.72539;34.70;34.47;38/33;1.62693651E+00;2.43698760E-01;1.62007141E+00;1.08808630E-02;4.94207753E-02;1.31009163E+02;7.93E-07;6.47E-09;-5.00E-12;7.71E-07;1.01E-09;2.54E-01;2.70;4.10;5.60;0.40;1.70;3.20;2.40;4.00;5.80;0.90;2.50;4.20;2.40;4.10;6.10;1.20;2.9;4.9;2.94;0.510;0.700;0.920;0.983;0.999;0.996;0.995;0.995;0.995;0.993;0.985;0.971;0.955;0.940;0.920;0.910;0.870;0.820;0.740;0.680;0.360;0.010; ; ; ; ; ; ; ; ;0.764;0.867;0.967;0.993;0.999;0.998;0.998;0.998;0.998;0.997;0.994;0.988;0.982;0.976;0.967;0.963;0.946;0.924;0.887;0.857;0.665;0.141;0.042;0.000; ; ; ; ; ; ;;1;0;1;1;1;3.20;509;515;635;0.76;1.05;7.77;9.43;103;0.248;570;4;2.94;1.67524;1.68193;1.68939;1.69816;1.69927;1.70416;1.71099;1.71437;1.71532;1.71622;1.72029;1.72047;1.72539;1.73513;1.73637;1.74724;1.75777;1.77690;;;;;;0.020763;0.021046;0.2353;0.4916;0.2940;0.2369;0.5833;0.9212;0.2322;0.5305;0.2445;0.2337;0.5165;0.9088;0.0173;0.0078;-0.0011;-0.0021;-0.0048;720347.320;suitable for precision molding, step 0.5 available;01.02.14;2.9;1;1;561;152;;
 N-LAK10 ;1.72003;1.72341;50.62;50.39;38/33;1.72878017E+00;1.69257825E-01;1.19386956E+00;8.86014635E-03;3.63416509E-02;8.29009069E+01;4.10E-06;1.23E-08;-7.85E-12;5.08E-07;5.76E-10;2.05E-01;4.10;5.00;5.80;1.80;2.60;3.40;4.20;5.10;6.10;2.70;3.60;4.60;4.40;5.40;6.50;3.20;4.3;5.3;1.97;0.120;0.440;0.880;0.977;0.995;0.995;0.994;0.994;0.993;0.994;0.988;0.977;0.970;0.951;0.926;0.912;0.876;0.810;0.687;0.580;0.180; ; ; ; ; ; ; ; ; ;0.428;0.720;0.950;0.991;0.998;0.998;0.998;0.998;0.997;0.998;0.995;0.991;0.988;0.980;0.970;0.964;0.948;0.919;0.861;0.804;0.504;0.060; ; ; ; ; ; ; ; ;;2;2;52.3;1;3;3.69;636;631;714;0.64;0.86;5.68;6.83;116;0.286;780;2;1.97;1.67890;1.68670;1.69488;1.70324;1.70419;1.70815;1.71328;1.71572;1.71641;1.71705;1.71990;1.72003;1.72341;1.72995;1.73077;1.73779;1.74438;1.75578;;;;;;0.014224;0.014357;0.2779;0.5328;0.3025;0.2381;0.5515;0.8015;0.2753;0.5755;0.2521;0.2359;0.4894;0.7941;0.0256;0.0119;-0.0024;-0.0072;-0.0354;720506.369; ;01.09.21;3.5;;;;;;
 N-SF1 ;1.71736;1.72308;29.62;29.39;41/36;1.60865158E+00;2.37725916E-01;1.51530653E+00;1.19654879E-02;5.90589722E-02;1.35521676E+02;-3.72E-06;8.05E-09;-1.71E-11;8.98E-07;1.34E-09;2.76E-01;0.10;1.70;3.60;-2.20;-0.70;1.20;0.00;1.80;4.20;-1.50;0.30;2.70;0.00;2.10;4.80;-1.10;0.9;3.5;2.72;0.460;0.580;0.850;0.973;0.995;0.990;0.986;0.987;0.990;0.986;0.968;0.940;0.910;0.870;0.760;0.700;0.520;0.250;0.030; ; ; ; ; ; ; ; ; ; ; ;0.733;0.804;0.937;0.989;0.998;0.996;0.994;0.995;0.996;0.994;0.987;0.976;0.963;0.946;0.896;0.867;0.770;0.574;0.252;0.096; ; ; ; ; ; ; ; ; ; ;;1;0;1;1;1;3.03;553;554;660;0.75;1;9.13;10.54;90;0.25;540;5;2.72;1.67021;1.67641;1.68350;1.69240;1.69358;1.69889;1.70651;1.71035;1.71144;1.71247;1.71715;1.71736;1.72308;1.73457;1.73605;1.74919;1.76224;;;;;;;0.024219;0.024606;0.2190;0.4733;0.2895;0.2360;0.6037;;0.2156;0.5103;0.2405;0.2323;0.5340;;0.0068;0.0013;0.0016;0.0097;;717296.303; ;01.02.14;1.6;;;;;;
 SF1 ;1.71736;1.72310;29.51;29.29;39/34;1.55912923E+00;2.84246288E-01;9.68842926E-01;1.21481001E-02;5.34549042E-02;1.12174809E+02;4.84E-06;1.70E-08;-4.52E-11;1.38E-06;1.26E-09;2.59E-01;4.50;7.00;10.10;2.20;4.70;7.70;5.00;7.90;11.30;3.60;6.40;9.80;5.30;8.40;12.10;4.20;7.3;10.9;1.8;0.650;0.730;0.900;0.985;0.996;0.996;0.995;0.995;0.996;0.996;0.993;0.984;0.976;0.961;0.930;0.920;0.870;0.790;0.640;0.500;0.030; ; ; ; ; ; ; ; ; ;0.842;0.882;0.959;0.994;0.998;0.998;0.998;0.998;0.998;0.998;0.997;0.994;0.990;0.984;0.971;0.967;0.946;0.910;0.837;0.758;0.300; ; ; ; ; ; ; ; ; ;;2;1;3.2;2.3;3;4.46;417;415;566;0.43;0.66;8.1;8.8;56;0.232;390;1;1.8;1.67352;1.67855;1.68449;1.69258;1.69371;1.69888;1.70647;1.71031;1.71141;1.71245;1.71715;1.71736;1.72310;1.73462;1.73610;1.74916;1.76201;1.78580;;;;;;0.024307;0.024687;0.2127;0.4705;0.2899;0.2364;0.5983;0.9791;0.2094;0.5078;0.2409;0.2327;0.5292;0.9640;-0.0018;-0.0012;0.0009;0.0042;0.0307;717295.446;lead containing glass type;13.07.16;2.0;;;;;;
 N-LAK8 ;1.71300;1.71616;53.83;53.61;37/30;1.33183167E+00;5.46623206E-01;1.19084015E+00;6.20023871E-03;2.16465439E-02;8.25827736E+01;4.10E-06;1.25E-08;-1.60E-11;4.30E-07;6.29E-10;2.13E-01;4.00;4.70;5.40;1.70;2.40;3.00;4.10;5.00;5.80;2.60;3.50;4.30;4.30;5.20;6.20;3.10;4.1;5;1.81;0.100;0.420;0.880;0.979;0.994;0.996;0.995;0.994;0.994;0.995;0.994;0.987;0.979;0.970;0.952;0.943;0.915;0.870;0.780;0.720;0.470;0.185;0.040;0.010; ; ; ; ; ; ;0.398;0.707;0.950;0.992;0.998;0.998;0.998;0.998;0.998;0.998;0.998;0.995;0.992;0.988;0.981;0.977;0.965;0.946;0.905;0.877;0.739;0.509;0.276;0.137;0.044;0.010; ; ; ; ;;3;2;52.3;1;3.3;3.75;643;635;717;0.62;0.84;5.6;6.7;115;0.289;740;2;1.81;1.67294;1.68075;1.68890;1.69710;1.69802;1.70181;1.70668;1.70897;1.70962;1.71022;1.71289;1.71300;1.71616;1.72222;1.72297;1.72944;1.73545;1.74573;1.756870;;;;;0.013245;0.013359;0.2861;0.5408;0.3042;0.2383;0.5450;0.7764;0.2836;0.5843;0.2536;0.2363;0.4838;0.7698;0.0266;0.0124;-0.0026;-0.0083;-0.0428;713538.375; ;01.02.14;3.3;;;;;;
 N-BASF64 ;1.70400;1.70824;39.38;39.12;40/35;1.65554268E+00;1.71319770E-01;1.33664448E+00;1.04485644E-02;4.99394756E-02;1.18961472E+02;1.60E-06;1.02E-08;-2.68E-11;7.87E-07;9.65E-10;2.29E-01;2.80;4.10;5.50;0.60;1.80;3.10;2.80;4.30;5.90;1.40;2.80;4.40;2.90;4.50;6.30;1.80;3.4;5.1;2.38;0.450;0.670;0.900;0.970;0.985;0.970;0.955;0.949;0.949;0.950;0.940;0.920;0.900;0.880;0.840;0.820;0.750;0.610;0.370;0.220; ; ; ; ; ; ; ; ; ; ;0.727;0.852;0.959;0.988;0.994;0.988;0.982;0.979;0.979;0.980;0.976;0.967;0.959;0.950;0.933;0.924;0.891;0.821;0.672;0.546;0.090; ; ; ; ; ; ; ; ; ;;1;0;3.2;1.2;1;3.20;582;585;712; ; ;7.3;8.7;105;0.264;650;4;2.38;1.66373;1.66988;1.67667;1.68453;1.68551;1.68982;1.69578;1.69872;1.69955;1.70033;1.70384;1.70400;1.70824;1.71659;1.71765;1.72690;1.73581;1.75184;;;;;;0.017875;0.018105;0.2408;0.4979;0.2956;0.2372;0.5769;0.8970;0.2377;0.5375;0.2459;0.2342;0.5110;0.8856;0.0069;0.0032;-0.0004;-0.0006;0.0012;704394.320; ;01.02.14;2.4;;;;;;
 N-SF15 ;1.69892;1.70438;30.20;29.96;42/37;1.57055634E+00;2.18987094E-01;1.50824017E+00;1.16507014E-02;5.97856897E-02;1.32709339E+02;-7.15E-07;1.04E-08;-2.62E-11;8.56E-07;1.29E-09;2.81E-01;1.60;3.10;5.00;-0.70;0.80;2.60;1.60;3.40;5.80;0.20;2.00;4.30;1.70;3.70;6.40;0.60;2.6;5.2;3.04;0.510;0.640;0.890;0.976;0.996;0.988;0.983;0.984;0.986;0.985;0.970;0.943;0.912;0.860;0.740;0.680;0.480;0.200;0.010; ; ; ; ; ; ; ; ; ; ; ;0.764;0.837;0.954;0.990;0.998;0.995;0.993;0.994;0.994;0.994;0.988;0.977;0.964;0.941;0.887;0.857;0.746;0.525;0.158;0.044; ; ; ; ; ; ; ; ; ; ;;1;0;1;1;1;2.92;580;578;692;0.76;1.04;8.04;9.28;90;0.243;610;3;3.04;1.65267;1.65899;1.66616;1.67494;1.67609;1.68122;1.68854;1.69222;1.69326;1.69425;1.69872;1.69892;1.70438;1.71536;1.71677;1.72933;1.74182;;;;;;;0.023142;0.023511;0.2216;0.4751;0.2897;0.2360;0.6038;;0.2181;0.5122;0.2406;0.2323;0.5341;;0.0085;0.0018;0.0018;0.0108;;699302.292; ;01.02.14;1.5;;;;;;
 N-LAK14 ;1.69680;1.69980;55.41;55.19;36/27;1.50781212E+00;3.18866829E-01;1.14287213E+00;7.46098727E-03;2.42024834E-02;8.09565165E+01;2.68E-06;1.15E-08;-1.44E-11;3.72E-07;5.53E-10;2.26E-01;3.20;3.80;4.40;0.90;1.50;2.10;3.20;4.00;4.70;1.80;2.50;3.20;3.40;4.20;5.00;2.20;3;3.8;1.73;0.090;0.370;0.840;0.960;0.995;0.995;0.994;0.992;0.993;0.995;0.992;0.984;0.977;0.971;0.960;0.953;0.930;0.900;0.840;0.800;0.610;0.330;0.120;0.040; ; ; ; ; ; ;0.382;0.672;0.933;0.984;0.998;0.998;0.998;0.997;0.997;0.998;0.997;0.994;0.991;0.988;0.984;0.981;0.971;0.959;0.933;0.915;0.821;0.642;0.428;0.239;0.089;0.019;0.000; ; ; ;;3;2;52.3;1;3;3.63;661;653;734;0.63;0.89;5.5;6.9;111;0.283;730;2;1.73;1.65783;1.66554;1.67357;1.68157;1.68246;1.68612;1.69077;1.69297;1.69358;1.69415;1.69669;1.69680;1.69980;1.70554;1.70626;1.71237;1.71804;1.72772;1.738190;;;;;0.012575;0.012679;0.2903;0.5447;0.3049;0.2384;0.5427;0.7701;0.2880;0.5885;0.2542;0.2365;0.4819;0.7638;0.0273;0.0127;-0.0026;-0.0079;-0.0386;697554.363; ;09.01.19;4.1;;;;;;
 P-LAK35 ;1.69350;1.69661;53.20;52.95;36/29;1.39324260E+00;4.18882766E-01;1.04380700E+00;7.15959695E-03;2.33637446E-02;8.83284426E+01;-1.90E-06;7.99E-09;7.76E-12;5.64E-07;6.57E-10;1.85E-01;1.10;1.90;2.70;-1.20;-0.40;0.30;0.80;1.70;2.60;-0.70;0.20;1.10;0.90;1.90;2.90;-0.30;0.7;1.7;1.76;0.220;0.500;0.870;0.981;0.999;0.993;0.992;0.992;0.993;0.994;0.992;0.985;0.980;0.977;0.973;0.970;0.960;0.940;0.907;0.880;0.740;0.480;0.210;0.060;0.005; ; ; ; ; ;0.546;0.758;0.946;0.992;0.999;0.997;0.997;0.997;0.997;0.998;0.997;0.994;0.992;0.991;0.989;0.988;0.984;0.976;0.962;0.950;0.887;0.746;0.536;0.353;0.158;0.026; ; ; ; ;;2;5;53.3;1.3;4.3;3.85;508;511;598;0.63;0.72;8.13;9.68;101;0.289;616; ;1.76;1.65762;1.66411;1.67100;1.67824;1.67909;1.68264;1.68732;1.68955;1.69018;1.69077;1.69338;1.69350;1.69661;1.70259;1.70334;1.70974;1.71569;1.72590;1.736980;;;;;0.013036;0.013156;0.2723;0.5304;0.3028;0.2383;0.5482;0.7832;0.2698;0.5732;0.2524;0.2361;0.4864;0.7761;0.0053;0.0034;-0.0015;-0.0061;-0.0379;693532.385;suitable for precision molding;01.02.14;;3;4;544;119;;
 N-LAK9 ;1.69100;1.69401;54.71;54.48;37/31;1.46231905E+00;3.44399589E-01;1.15508372E+00;7.24270156E-03;2.43353131E-02;8.54686868E+01;2.11E-06;1.11E-08;1.82E-12;4.74E-07;-3.47E-10;1.46E-01;3.00;3.90;4.60;0.80;1.60;2.30;2.90;3.70;4.40;1.50;2.20;2.90;3.10;3.80;4.40;2.00;2.7;3.3;1.83;0.140;0.420;0.860;0.966;0.995;0.996;0.995;0.995;0.994;0.994;0.992;0.984;0.977;0.970;0.957;0.950;0.930;0.890;0.830;0.782;0.550;0.200;0.020;;; ; ; ; ; ;0.455;0.707;0.941;0.986;0.998;0.998;0.998;0.998;0.998;0.998;0.997;0.994;0.991;0.988;0.983;0.980;0.971;0.954;0.928;0.906;0.787;0.525;0.209;0.070;0.014;0.001;0.000; ; ; ;;3;3;52;1.2;4.3;3.51;656;645;722;0.649;0.908;6.3;7.5;110;0.285;700;3;1.83;1.65294;1.66032;1.66804;1.67584;1.67672;1.68033;1.68497;1.68716;1.68777;1.68834;1.69089;1.69100;1.69401;1.69979;1.70051;1.70667;1.71239;1.72219;1.732810;;;;;0.012631;0.012738;0.2859;0.5409;0.3043;0.2384;0.5447;0.7756;0.2834;0.5844;0.2536;0.2363;0.4835;0.7690;0.0223;0.0105;-0.0023;-0.0071;-0.0367;691547.351;step 0.5 available;01.02.14;3.3;;;;;;
 LAK9G15 ;1.69064;1.69364;54.76;54.53;46/38;1.28773667E+00;5.18244853E-01;2.61756109E+01;5.57541920E-03;2.23679524E-02;1.89225330E+03;2.19E-06;1.16E-08;-7.71E-12;4.82E-07;4.50E-10;1.93E-01;3.00;3.80;4.50;0.70;1.50;2.10;3.00;3.90;4.70;1.50;2.40;3.20;3.20;4.10;5.00;2.00;2.9;3.8;1.86;0.160;0.490;0.910;0.987;0.996;0.986;0.982;0.978;0.973;0.964;0.930;0.810;0.570;0.320;0.090;0.040;0.010;0.000; ; ; ; ; ; ; ;  ; ; ; ; ;0.480;0.752;0.963;0.995;0.998;0.994;0.993;0.991;0.989;0.985;0.971;0.919;0.799;0.634;0.382;0.292;0.123;0.026; ; ; ; ; ; ; ; ; ; ; ; ;;1-2;2;53;1.3;4.3;3.53;634;635;710;0.66;0.88;6.34;7.56;108;0.288;721;;1.86;1.65362;1.66043;1.66783;1.67552;1.67639;1.67999;1.68462;1.68680;1.68741;1.68798;1.69052;1.69064;1.69364;1.69941;1.70013;1.70630;1.71205;;;;;;;0.012612;0.012721;0.2852;0.5400;0.3040;0.2383;0.5462;;0.2828;0.5834;0.2533;0.2362;0.4849;;0.0205;0.0095;-0.0018;-0.0055;;691548.353;radiation resistant glass;24.1.22;32.6;;;;;;
 N-SF8 ;1.68894;1.69413;31.31;31.06;41/36;1.55075812E+00;2.09816918E-01;1.46205491E+00;1.14338344E-02;5.82725652E-02;1.33241650E+02;-1.94E-06;9.70E-09;-2.34E-11;8.32E-07;1.15E-09;2.76E-01;1.00;2.40;4.20;-1.30;0.10;1.80;0.90;2.60;4.80;-0.50;1.20;3.30;1.00;2.90;5.30;-0.10;1.7;4.1;2.95;0.480;0.600;0.870;0.970;0.993;0.987;0.983;0.983;0.986;0.983;0.963;0.940;0.914;0.880;0.810;0.770;0.630;0.370;0.070; ; ; ; ; ; ; ; ; ; ; ;0.746;0.815;0.946;0.988;0.997;0.995;0.993;0.993;0.994;0.993;0.985;0.976;0.965;0.950;0.919;0.901;0.831;0.672;0.345;0.158; ; ; ; ; ; ; ; ; ; ;;1;0;1;1;1;2.90;567;564;678;0.77;1.03;8.56;9.92;88;0.245;600;4;2.95;1.64448;1.65060;1.65753;1.66600;1.66711;1.67203;1.67904;1.68254;1.68354;1.68448;1.68874;1.68894;1.69413;1.70455;1.70589;1.71775;1.72948;;;;;;;0.022005;0.022346;0.2236;0.4778;0.2905;0.2362;0.5999;;0.2202;0.5152;0.2413;0.2326;0.5308;;0.0080;0.0019;0.0014;0.0087;;689313.290; ;01.02.14;1.6;1;1;;;;
 N-LAK12 ;1.67790;1.68083;55.20;54.92;37/31;1.17365704E+00;5.88992398E-01;9.78014394E-01;5.77031797E-03;2.00401678E-02;9.54873482E+01;-5.67E-06;8.27E-09;1.27E-12;5.25E-07;6.30E-10;1.62E-01;-1.00;-0.30;0.30;-3.20;-2.60;-2.00;-1.20;-0.40;0.30;-2.70;-1.90;-1.20;-1.20;-0.30;0.50;-2.30;-1.5;-0.7;1.44;0.270;0.510;0.850;0.975;0.992;0.993;0.989;0.988;0.990;0.991;0.986;0.968;0.958;0.952;0.943;0.940;0.920;0.870;0.790;0.730;0.460;0.150;0.010; ; ; ; ; ; ; ;0.592;0.764;0.937;0.990;0.997;0.997;0.996;0.995;0.996;0.996;0.994;0.987;0.983;0.981;0.977;0.976;0.967;0.946;0.910;0.882;0.733;0.468;0.152;0.032; ; ; ; ; ; ;;3;1;53.3;3.3;4.3;4.10;614;606;714;0.51;0.68;7.6;9.3;87;0.288;560;6;1.44;1.64541;1.65107;1.65713;1.66366;1.66443;1.66772;1.67209;1.67419;1.67478;1.67533;1.67779;1.67790;1.68083;1.68647;1.68717;1.69320;1.69882;1.70842;1.718810;;;;;0.012281;0.012396;0.2673;0.5269;0.3024;0.2383;0.5485;0.7818;0.2648;0.5695;0.2521;0.2361;0.4866;0.7746;-0.0126;-0.0047;-0.0001;-0.0024;-0.0226;678552.410; ;13.07.16;1.7;;;;;;
 N-SF5 ;1.67271;1.67763;32.25;32.00;40/36;1.52481889E+00;1.87085527E-01;1.42729015E+00;1.12547560E-02;5.88995392E-02;1.29141675E+02;-2.51E-07;1.07E-08;-2.40E-11;7.85E-07;1.15E-09;2.78E-01;1.80;3.10;4.80;-0.50;0.80;2.50;1.80;3.40;5.50;0.40;2.00;4.00;1.90;3.70;6.00;0.80;2.5;4.8;2.99;0.500;0.630;0.880;0.975;0.994;0.989;0.987;0.988;0.991;0.988;0.976;0.956;0.935;0.910;0.830;0.780;0.620;0.330;0.040; ; ; ; ; ; ; ; ; ; ; ;0.758;0.831;0.950;0.990;0.998;0.996;0.995;0.995;0.996;0.995;0.990;0.982;0.973;0.963;0.928;0.905;0.826;0.642;0.276;0.116; ; ; ; ; ; ; ; ; ; ;;1;0;1;1;1;2.86;578;576;693;0.77;1;7.94;9.21;87;0.237;620;3;2.99;1.62935;1.63554;1.64249;1.65080;1.65188;1.65661;1.66330;1.66664;1.66759;1.66848;1.67253;1.67271;1.67763;1.68750;1.68876;1.69998;1.71106;;;;;;;0.020858;0.021177;0.2270;0.4807;0.2910;0.2362;0.5984;;0.2236;0.5184;0.2418;0.2327;0.5295;;0.0097;0.0027;0.0014;0.0088;;673323.286;step 0.5 available;01.02.14;1.4;;;;;;
 SF5 ;1.67270;1.67764;32.21;31.97;37/33;1.46141885E+00;2.47713019E-01;9.49995832E-01;1.11826126E-02;5.08594669E-02;1.12041888E+02;2.59E-06;1.76E-08;-2.03E-11;1.17E-06;1.09E-09;2.55E-01;3.10;5.10;7.40;0.90;2.80;5.10;3.50;5.80;8.40;2.10;4.40;6.90;3.90;6.40;9.20;2.80;5.2;8;2.29;0.660;0.740;0.900;0.987;0.996;0.996;0.995;0.995;0.996;0.996;0.993;0.988;0.982;0.973;0.959;0.950;0.920;0.880;0.800;0.730;0.310; ; ; ; ; ; ; ; ; ;0.847;0.887;0.959;0.995;0.998;0.998;0.998;0.998;0.998;0.998;0.997;0.995;0.993;0.989;0.983;0.980;0.967;0.950;0.915;0.882;0.626;0.200; ; ; ; ; ; ; ; ;;1;1;2;2.3;3;4.07;425;421;580;0.47;0.69;8.2;9;56;0.233;410;2;2.29;1.63289;1.63785;1.64359;1.65104;1.65206;1.65664;1.66327;1.66661;1.66756;1.66846;1.67252;1.67270;1.67764;1.68750;1.68876;1.69986;1.71069;1.73056;;;;;;0.020885;0.021195;0.2194;0.4775;0.2915;0.2366;0.5919;0.9513;0.2162;0.5153;0.2423;0.2331;0.5237;0.9374;-0.0010;-0.0005;0.0005;0.0023;0.0160;673322.407;lead containing glass type;01.12.23;1.8;;;;;;
 N-BAF10 ;1.67003;1.67341;47.11;46.83;39/35;1.58514950E+00;1.43559385E-01;1.08521269E+00;9.26681282E-03;4.24489805E-02;1.05613573E+02;3.79E-06;1.28E-08;-1.42E-11;5.84E-07;7.60E-10;2.20E-01;3.70;4.70;5.60;1.50;2.40;3.30;3.80;4.90;6.00;2.40;3.50;4.50;4.00;5.20;6.40;2.90;4.1;5.3;2.37;0.450;0.680;0.920;0.980;0.994;0.994;0.990;0.991;0.990;0.990;0.981;0.967;0.954;0.940;0.900;0.880;0.800;0.660;0.440;0.310;0.010; ; ; ; ; ; ; ; ; ;0.727;0.857;0.967;0.992;0.998;0.998;0.996;0.996;0.996;0.996;0.992;0.987;0.981;0.976;0.959;0.950;0.915;0.847;0.720;0.626;0.176; ; ; ; ; ; ; ; ; ;;1;0;4.3;1.3;1;3.75;660;652;790;0.56;0.78;6.18;7.04;89;0.271;620;4;2.37;1.63524;1.64094;1.64714;1.65404;1.65488;1.65849;1.66339;1.66578;1.66645;1.66708;1.66990;1.67003;1.67341;1.68000;1.68083;1.68801;1.69480;;;;;;;0.014222;0.014380;0.2539;0.5122;0.2989;0.2377;0.5629;;0.2511;0.5533;0.2489;0.2351;0.4990;;-0.0024;-0.0005;-0.0003;-0.0016;;670471.375; ;01.02.14;1.5;;;;;;
 N-BASF2 ;1.66446;1.66883;36.00;35.73;41/36;1.53652081E+00;1.56971102E-01;1.30196815E+00;1.08435729E-02;5.62278762E-02;1.31339700E+02;1.89E-06;1.22E-08;-1.61E-11;7.77E-07;9.96E-10;2.56E-01;2.80;4.10;5.60;0.60;1.90;3.30;2.90;4.40;6.20;1.50;3.00;4.70;3.10;4.80;6.70;2.00;3.6;5.5;3.04;0.680;0.760;0.930;0.985;0.997;0.990;0.985;0.985;0.987;0.985;0.971;0.951;0.930;0.890;0.800;0.750;0.580;0.320;0.060; ; ; ; ; ; ; ; ; ; ; ;0.857;0.896;0.971;0.994;0.999;0.996;0.994;0.994;0.995;0.994;0.988;0.980;0.971;0.954;0.915;0.891;0.804;0.634;0.325;0.158; ; ; ; ; ; ; ; ; ; ;;1;0;1;1;1;3.15;619;622;766;0.66;0.94;7.12;8.13;84;0.247;580;3;3.04;1.62552;1.63109;1.63734;1.64484;1.64581;1.65007;1.65607;1.65905;1.65990;1.66070;1.66430;1.66446;1.66883;1.67751;1.67862;1.68838;1.69792;;;;;;;0.018457;0.018720;0.2309;0.4869;0.2929;0.2367;0.5890;;0.2277;0.5253;0.2435;0.2333;0.5214;;0.0021;0.0001;0.0010;0.0057;;664360.315; ;01.02.14;1.7;;;;;;
 N-SSK5 ;1.65844;1.66152;50.88;50.59;38/34;1.59222659E+00;1.03520774E-01;1.05174016E+00;9.20284626E-03;4.23530072E-02;1.06927374E+02;7.29E-07;1.17E-08;-1.50E-11;6.08E-07;7.66E-10;1.89E-01;2.20;3.00;3.90;0.00;0.80;1.60;2.20;3.20;4.20;0.80;1.80;2.70;2.40;3.50;4.50;1.20;2.3;3.4;1.9;0.450;0.660;0.910;0.980;0.990;0.993;0.992;0.992;0.993;0.990;0.982;0.968;0.956;0.940;0.910;0.900;0.860;0.760;0.580;0.450;0.060; ; ; ; ; ; ; ; ; ;0.727;0.847;0.963;0.992;0.996;0.997;0.997;0.997;0.997;0.996;0.993;0.987;0.982;0.976;0.963;0.959;0.941;0.896;0.804;0.727;0.336;0.017; ; ; ; ; ; ; ; ;;2;3;52.2;2.2;3.2;3.71;645;637;751;0.574; ;6.8;8;88;0.278;590;5;1.9;1.62581;1.63128;1.63720;1.64371;1.64450;1.64785;1.65237;1.65455;1.65517;1.65574;1.65833;1.65844;1.66152;1.66749;1.66824;1.67471;1.68079;1.69139;;;;;;0.012940;0.013075;0.2592;0.5181;0.3003;0.2380;0.5575;0.8192;0.2566;0.5598;0.2502;0.2355;0.4944;0.8108;-0.0090;-0.0034;0.0001;-0.0007;-0.0081;658509.371; ;01.02.14;2.6;;;;;;
 N-KZFS5 ;1.65412;1.65803;39.70;39.46;37/32;1.47460789E+00;1.93584488E-01;1.26589974E+00;9.86143816E-03;4.45477583E-02;1.06436258E+02;4.54E-06;1.19E-08;2.93E-12;6.89E-07;8.60E-10;2.30E-01;4.20;5.30;6.50;2.00;3.10;4.20;4.20;5.50;6.80;2.80;4.00;5.40;4.40;5.80;7.30;3.30;4.7;6.1;3.53;0.350;0.620;0.910;0.970;0.998;0.994;0.992;0.992;0.993;0.992;0.985;0.974;0.965;0.958;0.946;0.940;0.920;0.880;0.830;0.790;0.560;0.080; ; ; ; ; ; ; ; ;0.657;0.826;0.963;0.988;0.999;0.998;0.997;0.997;0.997;0.997;0.994;0.990;0.986;0.983;0.978;0.976;0.967;0.950;0.928;0.910;0.793;0.372;0.017; ; ; ; ; ; ; ;;1;0;1;1;1;3.04;584;593;739;0.73;0.95;6.38;7.39;89;0.243;555;;3.53;1.61392;1.62058;1.62780;1.63577;1.63673;1.64087;1.64649;1.64922;1.65000;1.65072;1.65398;1.65412;1.65803;1.66570;1.66667;1.67511;1.68318;1.69756;;;;;;0.016477;0.016675;0.2511;0.5070;0.2972;0.2374;0.5710;0.8729;0.2481;0.5473;0.2474;0.2345;0.5060;0.8625;0.0248;0.0115;-0.0021;-0.0060;-0.0286;654397.304;suitable for precision molding, step 0.5 available;01.12.23;3.9;1;1;648;122;;
 N-BAF51 ;1.65224;1.65569;44.96;44.67;39/34;1.51503623E+00;1.53621958E-01;1.15427909E+00;9.42734715E-03;4.30826500E-02;1.24889868E+02;-2.84E-07;1.04E-08;-1.80E-11;7.01E-07;8.47E-10;2.19E-01;1.70;2.80;3.80;-0.50;0.50;1.50;1.70;2.90;4.10;0.30;1.50;2.70;1.80;3.10;4.40;0.70;2;3.3;2.22;0.480;0.630;0.870;0.980;0.993;0.993;0.990;0.990;0.992;0.991;0.985;0.970;0.956;0.940;0.910;0.890;0.820;0.690;0.470;0.330;0.020; ; ; ; ; ; ; ; ; ;0.746;0.831;0.946;0.992;0.997;0.997;0.996;0.996;0.997;0.996;0.994;0.988;0.982;0.976;0.963;0.954;0.924;0.862;0.739;0.642;0.209; ; ; ; ; ; ; ; ; ;;2;0;5.4;1.3;1;3.33;569;574;712;0.84;0.67;8.37;9.49;91;0.262;560;5;2.22;1.61873;1.62390;1.62961;1.63619;1.63701;1.64059;1.64551;1.64792;1.64860;1.64924;1.65211;1.65224;1.65569;1.66243;1.66328;1.67065;1.67766;;;;;;;0.014507;0.014677;0.2463;0.5055;0.2977;0.2376;0.5670;;0.2435;0.5460;0.2479;0.2349;0.5024;;-0.0064;-0.0022;-0.0001;-0.0012;;652450.333;;01.02.14;1.9;;;;;;
 N-LAK7 ;1.65160;1.65425;58.52;58.26;35/29;1.23679889E+00;4.45051837E-01;1.01745888E+00;6.10105538E-03;2.01388334E-02;9.06380380E+01;-3.40E-06;1.17E-08;2.38E-11;4.96E-07;4.44E-10;1.07E-01;0.20;0.80;1.30;-2.00;-1.50;-1.00;0.00;0.70;1.30;-1.40;-0.70;-0.20;0.30;1.00;1.70;-0.80;-0.1;0.5;1.65;0.224;0.494;0.863;0.972;0.998;0.997;0.996;0.995;0.995;0.995;0.992;0.984;0.980;0.977;0.973;0.970;0.961;0.945;0.917;0.894;0.785;0.570;0.301;0.111;0.016;; ; ; ; ;0.550;0.754;0.943;0.989;0.999;0.999;0.998;0.998;0.998;0.998;0.997;0.994;0.992;0.991;0.989;0.988;0.984;0.978;0.966;0.956;0.908;0.799;0.619;0.415;0.191;0.050; ; ; ; ;;3;2;53.3;3.3;4.3;3.84;618;626;716;0.53;0.74;7.1;8.2;90;0.277;600;5;1.65;1.61875;1.62499;1.63156;1.63828;1.63904;1.64220;1.64628;1.64821;1.64875;1.64925;1.65150;1.65160;1.65425;1.65934;1.65998;1.66539;1.67042;1.67897;1.688200;;;;;0.011135;0.011229;0.2835;0.5400;0.3044;0.2385;0.5433;0.7687;0.2812;0.5836;0.2538;0.2365;0.4823;0.7622;0.0010;0.0007;-0.0005;-0.0021;-0.0140;652585.384; ;13.07.16;2.0;;;;;;
 N-LAK22 ;1.65113;1.65391;55.89;55.63;34/28;1.14229781E+00;5.35138441E-01;1.04088385E+00;5.85778594E-03;1.98546147E-02;1.00834017E+02;1.36E-06;1.49E-08;-1.29E-11;3.41E-07;2.09E-10;2.62E-01;2.20;2.90;3.60;0.00;0.60;1.30;2.40;3.10;3.90;1.00;1.70;2.40;2.70;3.40;4.20;1.60;2.3;3.1;1.82;0.432;0.666;0.921;0.986;0.998;0.996;0.995;0.995;0.995;0.995;0.991;0.986;0.983;0.982;0.979;0.977;0.972;0.963;0.946;0.935;0.873;0.740;0.522;0.314;0.124;0.020;0.004; ; ; ;0.715;0.850;0.967;0.994;0.999;0.998;0.998;0.998;0.998;0.998;0.996;0.994;0.993;0.993;0.992;0.991;0.989;0.985;0.978;0.973;0.947;0.887;0.771;0.629;0.433;0.207;0.110; ; ; ;;2;2;51.2;1;2.3;3.77;689;673; ;0.54;0.75;6.6;7.4;90;0.266;600;4;1.82;1.61915;1.62488;1.63100;1.63747;1.63823;1.64141;1.64560;1.64760;1.64816;1.64868;1.65103;1.65113;1.65391;1.65925;1.65992;1.66562;1.67092;1.67997;1.689750;1.698760;;;;0.011650;0.011755;0.2729;0.5314;0.3031;0.2384;0.5467;0.7771;0.2704;0.5744;0.2527;0.2362;0.4851;0.7702;-0.0058;-0.0018;-0.0005;-0.0031;-0.0236;651559.377; ;01.12.23;1.4;;;;;;
 N-SF2 ;1.64769;1.65222;33.82;33.56;40/36;1.47343127E+00;1.63681849E-01;1.36920899E+00;1.09019098E-02;5.85683687E-02;1.27404933E+02;3.10E-06;1.75E-08;6.62E-11;7.51E-07;8.99E-10;2.77E-01;3.40;4.80;6.40;1.30;2.50;4.10;3.50;5.10;7.00;2.10;3.60;5.50;4.20;5.90;8.00;3.10;4.8;6.9;3.06;0.670;0.760;0.930;0.984;0.997;0.987;0.984;0.984;0.987;0.986;0.975;0.961;0.949;0.926;0.865;0.830;0.680;0.400;0.060;0.007; ; ; ; ; ; ; ; ; ; ;0.852;0.896;0.971;0.994;0.999;0.995;0.994;0.994;0.995;0.994;0.990;0.984;0.979;0.970;0.944;0.928;0.857;0.693;0.325;0.132;0.001; ; ; ; ; ; ; ; ; ;;1;0;1;1.2;1;2.72;608;607;731;0.79;1.14;6.68;7.81;86;0.231;539;;3.06;1.60661;1.61268;1.61944;1.62738;1.62839;1.63282;1.63902;1.64210;1.64298;1.64380;1.64752;1.64769;1.65222;1.66125;1.66241;1.67265;1.68273;;;;;;;0.019151;0.019435;0.2311;0.4848;0.2918;0.2364;0.5950;;0.2277;0.5228;0.2425;0.2329;0.5267;;0.0106;0.0031;0.0012;0.0081;;648338.272;;01.02.14;1.4;;;;;;
 SF2 ;1.64769;1.65222;33.85;33.60;37/33;1.40301821E+00;2.31767504E-01;9.39056586E-01;1.05795466E-02;4.93226978E-02;1.12405955E+02;1.10E-06;1.75E-08;-1.29E-11;1.08E-06;1.03E-09;2.49E-01;2.30;4.00;6.00;0.10;1.80;3.70;2.70;4.60;6.90;1.30;3.20;5.40;3.10;5.20;7.60;2.00;4.1;6.4;2.62;0.620;0.710;0.880;0.985;0.996;0.996;0.994;0.995;0.995;0.995;0.993;0.988;0.982;0.975;0.962;0.954;0.920;0.870;0.790;0.720;0.370; ; ; ; ; ; ; ; ; ;0.826;0.872;0.950;0.994;0.998;0.998;0.998;0.998;0.998;0.998;0.997;0.995;0.993;0.990;0.985;0.981;0.967;0.946;0.910;0.877;0.672;0.110; ; ; ; ; ; ; ; ;;1;0;2;2.3;2;3.86;441;428;600;0.498;0.735;8.4;9.2;55;0.227;410;2;2.62;1.61003;1.61494;1.62055;1.62766;1.62861;1.63289;1.63902;1.64210;1.64297;1.64379;1.64752;1.64769;1.65222;1.66123;1.66238;1.67249;1.68233;1.70027;;;;;;0.019135;0.019412;0.2233;0.4813;0.2923;0.2367;0.5886;0.9376;0.2201;0.5196;0.2430;0.2334;0.5209;0.9242;-0.0009;-0.0005;0.0004;0.0017;0.0112;648339.386;lead containing glass type, step 0.5 available;01.02.14;1.9;;;;;;
 N-LAK21 ;1.64049;1.64304;60.10;59.86;37/31;1.22718116E+00;4.20783743E-01;1.01284843E+00;6.02075682E-03;1.96862889E-02;8.84370099E+01;-2.36E-06;1.15E-08;1.11E-11;3.10E-07;2.78E-10;2.34E-01;0.60;1.10;1.60;-1.60;-1.20;-0.70;0.50;1.00;1.60;-0.90;-0.40;0.10;0.70;1.30;1.90;-0.40;0.1;0.7;1.74;0.210;0.490;0.870;0.970;0.994;0.994;0.991;0.990;0.992;0.992;0.988;0.976;0.969;0.963;0.955;0.950;0.930;0.900;0.830;0.780;0.570;0.240;0.040; ; ; ; ; ; ; ;0.536;0.752;0.946;0.988;0.998;0.998;0.996;0.996;0.997;0.997;0.995;0.990;0.987;0.985;0.982;0.979;0.971;0.959;0.928;0.905;0.799;0.565;0.250;0.060; ; ; ; ; ; ;;4;2;53.2;4.3;4.3;3.74;639;627;716;0.59;0.88;6.8;8.1;91;0.272;600;5;1.74;1.60776;1.61416;1.62086;1.62759;1.62834;1.63143;1.63538;1.63724;1.63776;1.63825;1.64040;1.64049;1.64304;1.64790;1.64850;1.65366;1.65844;1.66657;1.675320;;;;;0.010657;0.010743;0.2900;0.5453;0.3052;0.2385;0.5411;0.7630;0.2877;0.5892;0.2545;0.2366;0.4804;0.7569;0.0052;0.0023;-0.0005;-0.0017;-0.0090;640601.374; ;01.02.14;1.7;;;;;;
 N-KZFS11 ;1.63775;1.64132;42.41;42.20;36/30;1.33222450E+00;2.89241610E-01;1.15161734E+00;8.40298480E-03;3.44239720E-02;8.84310532E+01;3.34E-06;1.16E-08;-1.80E-11;6.32E-07;7.21E-10;2.06E-01;3.50;4.40;5.40;1.30;2.20;3.10;3.50;4.60;5.70;2.10;3.10;4.20;3.60;4.80;6.00;2.50;3.7;4.8;4.21;0.183;0.535;0.914;0.977;0.999;0.994;0.992;0.992;0.992;0.993;0.989;0.982;0.978;0.975;0.971;0.968;0.957;0.940;0.910;0.880;0.730;0.450;0.150;0.020; ; ; ; ; ; ;0.507;0.779;0.965;0.991;0.999;0.998;0.997;0.997;0.997;0.997;0.996;0.993;0.991;0.990;0.988;0.987;0.983;0.976;0.963;0.950;0.882;0.727;0.468;0.230;0.048; ; ; ; ; ;;1;1;3.4;1;1;3.20;551;554; ;0.69;0.81;6.56;7.56;79;0.251;530;3;4.21;1.59699;1.60439;1.61223;1.62044;1.62139;1.62540;1.63069;1.63324;1.63395;1.63462;1.63762;1.63775;1.64132;1.64828;1.64915;1.65670;1.66385;1.67636;1.690370;;;;;0.015038;0.015198;0.2664;0.5212;0.3000;0.2377;0.5605;0.8319;0.2636;0.5627;0.2499;0.2352;0.4971;0.8232;0.0415;0.0194;-0.0039;-0.0120;-0.0617;638424.320;suitable for precision molding, step 0.5 available;01.02.14;18.7;;;;74;;
 N-SSK20 ;1.62568;1.62865;50.20;49.92;31/26;1.18391813E+00;4.06466985E-01;1.10391305E+00;6.87636636E-03;2.46712520E-02;1.32063408E+02;7.76E-06;1.26E-08;-3.08E-12;8.59E-07;9.53E-10;1.51E-01;5.70;6.90;8.00;3.60;4.70;5.70;5.80;7.10;8.30;4.40;5.70;6.80;6.00;7.40;8.70;4.90;6.3;7.6;3.04;0.680;0.770;0.920;0.986;0.995;0.997;0.998;0.997;0.998;0.998;0.998;0.997;0.996;0.996;0.994;0.993;0.992;0.990;0.985;0.983;0.973;0.943;0.890;0.800;0.630;0.350;0.110;0.010;0.000; ;0.857;0.901;0.967;0.994;0.998;0.999;0.999;0.999;0.999;0.999;0.999;0.999;0.998;0.998;0.998;0.997;0.997;0.996;0.994;0.993;0.989;0.977;0.954;0.915;0.831;0.657;0.414;0.176;0.020;0.000; ;1;0;1;1;1;3.45;560;581;719;0.63;0.83;6.74;8.01;87;0.268;582;;3.04;1.59581;1.60052;1.60571;1.61162;1.61235;1.61552;1.61984;1.62194;1.62253;1.62308;1.62557;1.62568;1.62865;1.63440;1.63512;1.64132;1.64712;1.65713;1.668060;;;;;0.012464;0.012593;0.2538;0.5150;0.3003;0.2381;0.5553;0.8025;0.2512;0.5567;0.2502;0.2357;0.4923;0.7943;-0.0143;-0.0049;-0.0004;-0.0041;-0.0353;626502.345;only available as optical components;30.04.2025;;1;1;;;;
 N-SSK2 ;1.62229;1.62508;53.27;52.99;37/33;1.43060270E+00;1.53150554E-01;1.01390904E+00;8.23982975E-03;3.33736841E-02;1.06870822E+02;5.21E-06;1.34E-08;-1.01E-11;5.21E-07;5.87E-10;1.99E-01;4.20;5.00;5.80;2.10;2.80;3.50;4.30;5.20;6.10;2.90;3.80;4.60;4.50;5.50;6.40;3.50;4.4;5.3;2.51;0.500;0.720;0.930;0.981;0.992;0.996;0.994;0.993;0.995;0.995;0.992;0.985;0.980;0.975;0.963;0.954;0.920;0.860;0.750;0.670;0.250; ; ; ; ; ; ; ; ; ;0.758;0.877;0.971;0.992;0.997;0.998;0.998;0.997;0.998;0.998;0.997;0.994;0.992;0.990;0.985;0.981;0.967;0.941;0.891;0.852;0.574;0.084; ; ; ; ; ; ; ; ;;1;0;1.2;1;1;3.53;653;655;801;0.58;0.81;5.81;6.65;82;0.261;570;3;2.51;1.59149;1.59685;1.60260;1.60880;1.60953;1.61264;1.61678;1.61877;1.61933;1.61985;1.62219;1.62229;1.62508;1.63045;1.63112;1.63691;1.64232;1.65166;;;;;;0.011681;0.011795;0.2661;0.5246;0.3016;0.2381;0.5526;0.7997;0.2636;0.5669;0.2513;0.2358;0.4902;0.7920;-0.0069;-0.0025;-0.0001;-0.0016;-0.0146;622533.353; ;01.02.14;3.6;;;;;;
 F2G12 ;1.62072;1.62474;36.56;36.30;46/39;1.34702224E+00;2.10037763E-01;1.95350768E+01;9.80850553E-03;4.71788018E-02;2.27915470E+03;2.19E-06;1.62E-08;-2.20E-11;9.55E-07;8.12E-10;2.50E-01;2.70;4.30;6.00;0.60;2.10;3.80;3.10;4.80;6.70;1.70;3.30;5.20;3.30;5.20;7.20;2.30;4.1;6.1;2.79;0.650;0.740;0.900;0.989;0.997;0.988;0.984;0.979;0.972;0.953;0.920;0.810;0.580;0.300;0.070;0.030;; ; ; ; ; ; ; ; ; ;  ; ; ; ;0.842;0.887;0.959;0.996;0.999;0.995;0.994;0.992;0.989;0.981;0.967;0.919;0.804;0.618;0.345;0.246;0.120;0.020;; ; ; ; ; ;  ; ; ;  ; ; ;;1;0;1;1.3;2.3;3.61;435;438;612;0.53;0.82;7.6;8.3;58;0.222;411;;2.79;1.58584;1.59051;1.59593;1.60265;1.60353;1.60744;1.61298;1.61573;1.61652;1.61725;1.62057;1.62072;1.62474;1.63271;1.63373;1.64261;1.65121;;;;;;;0.016979;0.017212;0.2303;0.4883;0.2937;0.2369;0.5831;;0.2272;0.5271;0.2443;0.2337;0.5163;;0.0002;0.0002;0.0002;0.0008;;621366.361;radiation resistant glass, lead containing glass type;1.12.23;4.9;;;;;;
 N-SK16 ;1.62041;1.62286;60.32;60.08;36/30;1.34317774E+00;2.41144399E-01;9.94317969E-01;7.04687339E-03;2.29005000E-02;9.27508526E+01;-2.37E-08;1.32E-08;-1.29E-11;4.09E-07;5.17E-10;1.70E-01;1.60;2.20;2.60;-0.50;-0.10;0.40;1.70;2.30;2.90;0.30;0.90;1.40;1.90;2.60;3.20;0.80;1.5;2.1;1.9;0.260;0.540;0.880;0.973;0.995;0.996;0.994;0.993;0.994;0.994;0.991;0.984;0.981;0.979;0.974;0.970;0.956;0.930;0.890;0.860;0.700;0.400;0.110;0.020; ; ; ; ; ; ;0.583;0.782;0.950;0.989;0.998;0.998;0.998;0.997;0.998;0.998;0.996;0.994;0.992;0.992;0.990;0.988;0.982;0.971;0.954;0.941;0.867;0.693;0.414;0.209;0.063;0.010; ; ; ; ;;4;4;53.3;3.3;3.2;3.58;636;633;750;0.578;0.818;6.3;7.3;89;0.264;600;4;1.9;1.58919;1.59523;1.60157;1.60799;1.60871;1.61167;1.61548;1.61727;1.61777;1.61824;1.62032;1.62041;1.62286;1.62756;1.62814;1.63312;1.63773;1.64559;1.654030;1.661780;;;;0.010285;0.010368;0.2885;0.5443;0.3051;0.2385;0.5412;0.7633;0.2861;0.5882;0.2544;0.2366;0.4805;0.7572;0.0016;0.0007;-0.0003;-0.0011;-0.0067;620603.358; ;01.02.14;1.4;;;;;;
 N-F2 ;1.62005;1.62408;36.43;36.16;39/36;1.39757037E+00;1.59201403E-01;1.26865430E+00;9.95906143E-03;5.46931752E-02;1.19248346E+02;4.62E-07;1.17E-08;-2.35E-11;7.47E-07;9.81E-10;2.63E-01;2.00;3.20;4.60;-0.10;1.00;2.30;2.10;3.50;5.10;0.70;2.00;3.60;2.20;3.70;5.50;1.10;2.6;4.4;3.03;0.480;0.640;0.880;0.977;0.996;0.992;0.990;0.991;0.993;0.992;0.984;0.973;0.963;0.950;0.900;0.870;0.750;0.510;0.160;0.040; ; ; ; ; ; ; ; ; ; ;0.746;0.837;0.950;0.991;0.998;0.997;0.996;0.996;0.997;0.997;0.994;0.989;0.985;0.980;0.959;0.946;0.891;0.764;0.480;0.276;0.096; ; ; ; ; ; ; ; ; ;;1;0;1;1;1;2.65;569;567;686;0.81;1.05;7.84;9.06;82;0.228;600;2;3.03;1.58136;1.58744;1.59410;1.60167;1.60261;1.60667;1.61229;1.61506;1.61584;1.61658;1.61990;1.62005;1.62408;1.63208;1.63310;1.64209;1.65087;;;;;;;0.017020;0.017258;0.2389;0.4925;0.2935;0.2366;0.5881;;0.2356;0.5312;0.2440;0.2334;0.5208;;0.0137;0.0047;0.0006;0.0056;;620364.265; ;01.02.14;1.4;;;;;;
 F2 ;1.62004;1.62408;36.37;36.11;35/32;1.34533359E+00;2.09073176E-01;9.37357162E-01;9.97743871E-03;4.70450767E-02;1.11886764E+02;1.51E-06;1.56E-08;-2.78E-11;9.34E-07;1.04E-09;2.50E-01;2.40;3.90;5.50;0.30;1.60;3.20;2.70;4.40;6.30;1.30;3.00;4.80;3.00;4.80;6.80;1.90;3.7;5.7;2.81;0.589;0.685;0.876;0.989;0.998;0.998;0.997;0.998;0.998;0.998;0.997;0.994;0.993;0.991;0.987;0.985;0.977;0.963;0.940;0.921;0.780;0.211;0.000; ; ; ; ; ; ; ;0.809;0.859;0.949;0.996;0.999;0.999;0.999;0.999;0.999;0.999;0.999;0.998;0.997;0.996;0.995;0.994;0.991;0.985;0.975;0.968;0.905;0.537;0.080;0.000; ; ; ; ; ; ;;1;0;1;2.3;1.3;3.60;434;430;594;0.557;0.78;8.2;9.2;57;0.22;420;2;2.81;1.58465;1.58958;1.59513;1.60190;1.60279;1.60671;1.61227;1.61503;1.61582;1.61656;1.61989;1.62004;1.62408;1.63208;1.63310;1.64202;1.65064;1.66623;1.684550;;;;;0.017050;0.017284;0.2301;0.4882;0.2938;0.2370;0.5828;0.9142;0.2270;0.5270;0.2443;0.2338;0.5159;0.9018;0.0008;0.0005;0.0000;0.0002;0.0006;620364.360;lead containing glass type;07.02.24;1.2;;;;;;
 F2HT ;1.62004;1.62408;36.37;36.11;35/32;1.34533359E+00;2.09073176E-01;9.37357162E-01;9.97743871E-03;4.70450767E-02;1.11886764E+02;1.51E-06;1.56E-08;-2.78E-11;9.34E-07;1.04E-09;2.50E-01;2.40;3.90;5.50;0.30;1.60;3.20;2.70;4.40;6.30;1.30;3.00;4.80;3.00;4.80;6.80;1.90;3.7;5.7;2.81;0.714;0.795;0.921;0.994;0.998;0.998;0.997;0.998;0.998;0.998;0.997;0.995;0.994;0.994;0.992;0.991;0.988;0.982;0.971;0.957;0.828;0.240;0.000; ; ; ; ; ; ; ;0.874;0.912;0.968;0.998;0.999;0.999;0.999;0.999;0.999;0.999;0.999;0.998;0.998;0.997;0.997;0.996;0.995;0.993;0.988;0.983;0.927;0.565;0.080;0.000; ; ; ; ; ; ;;1;0;1;2.3;1.3;3.60;434;430;594;0.557;0.78;8.2;9.2;57;0.22;420;2;2.81;1.58465;1.58958;1.59513;1.60190;1.60279;1.60671;1.61227;1.61503;1.61582;1.61656;1.61989;1.62004;1.62408;1.63208;1.63310;1.64202;1.65064;1.66623;1.684550;;;;;0.017050;0.017284;0.2301;0.4882;0.2938;0.2370;0.5828;0.9142;0.2270;0.5270;0.2443;0.2338;0.5159;0.9018;0.0008;0.0005;0.0000;0.0002;0.0006;620364.360;lead containing glass type;01.02.14;1.7;;;;;;
 F2HTi ;1.62004;1.62408;36.37;36.11;;1.34533359E+00;2.09073176E-01;9.37357162E-01;9.97743871E-03;4.70450767E-02;1.11886764E+02;1.51E-06;1.56E-08;-2.78E-11;9.34E-07;1.04E-09;2.50E-01;2.40;3.90;5.50;0.30;1.60;3.20;2.70;4.40;6.30;1.30;3.00;4.80;3.00;4.80;6.80;1.90;3.7;5.7;2.81;0.714;0.795;0.921;0.994;0.998;0.998;0.997;0.998;0.998;0.998;0.997;0.994;0.993;0.991;0.987;0.986;0.986;0.985;0.973;0.962;0.835;0.273;;;;;;;;;0.874;0.912;0.968;0.998;0.999;0.999;0.999;0.999;0.999;0.999;0.999;0.998;0.997;0.996;0.995;0.994;0.994;0.994;0.989;0.985;0.930;0.595;0.083;;;;;;;;;1;0;1;2.3;1.3;3.60;434;430;594;0.557;0.78;8.2;9.2;57;0.22;420;2;2.81;1.58465;1.58958;1.59513;1.60190;1.60279;1.60671;1.61227;1.61503;1.61582;1.61656;1.61989;1.62004;1.62408;1.63208;1.63310;1.64202;1.65064;1.66623;1.684550;;;;;0.017050;0.017284;0.2301;0.4882;0.2938;0.2370;0.5828;0.9142;0.2270;0.5270;0.2443;0.2338;0.5159;0.9018;0.0008;0.0005;0.0000;0.0002;0.0006;620364.360;lead containing glass type;13.07.22;;;;;;;
 N-PSK53A ;1.61800;1.62033;63.39;63.10;36/31;1.38121836E+00;1.96745645E-01;8.86089205E-01;7.06416337E-03;2.33251345E-02;9.74847345E+01;-9.28E-06;7.19E-09;1.45E-12;4.06E-07;3.17E-10;1.90E-01;-2.60;-2.10;-1.60;-4.70;-4.30;-3.80;-2.90;-2.40;-1.80;-4.30;-3.80;-3.30;-2.90;-2.30;-1.80;-4.00;-3.5;-2.9;1.16;0.290;0.510;0.800;0.956;0.994;0.994;0.993;0.992;0.994;0.995;0.992;0.986;0.982;0.979;0.970;0.964;0.940;0.900;0.830;0.780;0.530;0.200;0.030; ; ; ; ; ; ; ;0.609;0.764;0.915;0.982;0.998;0.998;0.997;0.997;0.998;0.998;0.997;0.994;0.993;0.992;0.988;0.985;0.976;0.959;0.928;0.905;0.776;0.525;0.230;0.061; ; ; ; ; ; ;;1;1;53.3;2.3;4.3;3.57;606;609;699;0.59;0.64;9.56;10.84;76;0.288;415;6;1.16;1.59015;1.59528;1.60073;1.60641;1.60706;1.60979;1.61334;1.61503;1.61550;1.61595;1.61791;1.61800;1.62033;1.62478;1.62534;1.63007;1.63445;1.64190;1.649910;1.657240;1.663900;;;0.009749;0.009831;0.2797;0.5380;0.3044;0.2385;0.5424;0.7642;0.2774;0.5816;0.2538;0.2365;0.4815;0.7578;-0.0279;-0.0127;0.0020;0.0052;0.0208;618634.357;step 0.5 available;01.02.14;4.2;1;5;647;284;;
 N-SSK8 ;1.61773;1.62068;49.83;49.54;39/35;1.44857867E+00;1.17965926E-01;1.06937528E+00;8.69310149E-03;4.21566593E-02;1.11300666E+02;5.34E-07;1.27E-08;-1.75E-11;5.40E-07;7.05E-10;2.24E-01;1.90;2.70;3.50;-0.20;0.50;1.30;2.00;2.90;3.90;0.60;1.50;2.40;2.20;3.20;4.20;1.10;2.1;3.1;2.36;0.460;0.660;0.900;0.980;0.993;0.994;0.991;0.990;0.992;0.992;0.984;0.969;0.955;0.938;0.900;0.880;0.810;0.660;0.450;0.310;0.010; ; ; ; ; ; ; ; ; ;0.733;0.847;0.959;0.992;0.997;0.998;0.996;0.996;0.997;0.997;0.994;0.987;0.982;0.975;0.959;0.950;0.919;0.847;0.727;0.626;0.194; ; ; ; ; ; ; ; ; ;;1;0;1;1.3;1;3.27;616;604;742;0.64;0.84;7.21;8.16;84;0.251;570;3;2.36;1.58594;1.59137;1.59723;1.60360;1.60436;1.60759;1.61192;1.61401;1.61460;1.61515;1.61762;1.61773;1.62068;1.62641;1.62713;1.63335;1.63923;;;;;;;0.012397;0.012529;0.2606;0.5179;0.2999;0.2378;0.5602;;0.2579;0.5594;0.2498;0.2353;0.4967;;-0.0028;-0.0012;0.0001;0.0002;;618498.327; ;01.02.14;1.7;;;;;;
 N-KZFS4 ;1.61336;1.61664;44.49;44.27;36/32;1.35055424E+00;1.97575506E-01;1.09962992E+00;8.76282070E-03;3.71767201E-02;9.03866994E+01;1.81E-06;1.16E-08;-7.99E-12;6.20E-07;7.94E-10;2.05E-01;2.70;3.50;4.40;0.50;1.30;2.20;2.70;3.70;4.70;1.30;2.30;3.20;2.80;3.90;5.00;1.70;2.8;3.9;3.9;0.186;0.486;0.881;0.961;0.996;0.994;0.993;0.992;0.993;0.992;0.987;0.976;0.968;0.961;0.952;0.948;0.930;0.910;0.860;0.820;0.600;0.150; ; ; ; ; ; ; ; ;0.510;0.749;0.951;0.984;0.998;0.998;0.997;0.997;0.997;0.997;0.995;0.990;0.987;0.984;0.981;0.979;0.971;0.963;0.941;0.924;0.815;0.468;0.040; ; ; ; ; ; ; ;;1;1;3.4;1.2;1;3.00;536;541;664;0.76;0.84;7.3;8.2;78;0.241;520;3;3.9;1.57535;1.58233;1.58971;1.59739;1.59828;1.60199;1.60688;1.60922;1.60987;1.61049;1.61324;1.61336;1.61664;1.62300;1.62380;1.63071;1.63723;1.64865;;;;;;0.013785;0.013929;0.2694;0.5240;0.3006;0.2378;0.5590;0.8284;0.2666;0.5657;0.2503;0.2353;0.4958;0.8199;0.0373;0.0173;-0.0033;-0.0100;-0.0496;613445.300;suitable for precision molding, step 0.5 available;01.02.14;8.8;4;6;597;130;;
 N-SK4 ;1.61272;1.61521;58.63;58.37;36/32;1.32993741E+00;2.28542996E-01;9.88465211E-01;7.16874107E-03;2.46455892E-02;1.00886364E+02;7.96E-07;1.30E-08;-1.31E-11;4.36E-07;6.01E-10;1.79E-01;2.00;2.60;3.10;-0.10;0.40;0.90;2.10;2.80;3.40;0.70;1.40;2.00;2.30;3.00;3.70;1.20;1.9;2.6;1.92;0.390;0.620;0.900;0.977;0.993;0.996;0.995;0.995;0.995;0.995;0.992;0.985;0.983;0.983;0.979;0.975;0.960;0.930;0.870;0.830;0.610;0.200; ; ; ; ; ; ; ; ;0.686;0.826;0.959;0.991;0.997;0.998;0.998;0.998;0.998;0.998;0.997;0.994;0.993;0.993;0.992;0.990;0.984;0.971;0.946;0.928;0.821;0.525;0.102; ; ; ; ; ; ; ;;3;1;51.2;2;2;3.54;658;646;769;0.57;0.83;6.46;7.38;84;0.261;580;3;1.92;1.58282;1.58835;1.59422;1.60032;1.60102;1.60393;1.60774;1.60954;1.61005;1.61052;1.61262;1.61272;1.61521;1.61999;1.62059;1.62568;1.63042;;;;;;;0.010450;0.010541;0.2792;0.5366;0.3039;0.2384;0.5448;;0.2768;0.5799;0.2533;0.2364;0.4835;;-0.0073;-0.0030;0.0001;-0.0004;;613586.354; ;01.02.14;1.9;;;;;;
 P-SK60 ;1.61035;1.61286;57.90;57.66;33/29;1.40790442E+00;1.43381417E-01;1.16513947E+00;7.84382378E-03;2.87769365E-02;1.05373397E+02;2.41E-06;9.52E-09;-8.08E-12;4.72E-07;6.22E-10;1.93E-01;3.00;3.70;4.30;0.90;1.50;2.10;2.90;3.60;4.30;1.50;2.30;2.90;2.90;3.80;4.50;1.80;2.7;3.4;2.04;0.400;0.630;0.900;0.983;0.998;0.997;0.996;0.996;0.998;0.998;0.997;0.995;0.994;0.994;0.993;0.992;0.988;0.983;0.974;0.967;0.920;0.780;0.480;0.160;0.005; ; ; ; ; ;0.693;0.831;0.959;0.993;0.999;0.999;0.998;0.998;0.999;0.999;0.999;0.998;0.998;0.998;0.997;0.997;0.995;0.993;0.990;0.987;0.967;0.905;0.746;0.480;0.150;0.010; ; ; ; ;;3;5;53.4;2.3;3.3;3.08;507;509;606;0.76;1.13;7.06;8.85;99;0.253;601; ;2.04;1.57831;1.58450;1.59102;1.59762;1.59836;1.60140;1.60530;1.60714;1.60765;1.60813;1.61026;1.61035;1.61286;1.61768;1.61828;1.62340;1.62815;1.63627;1.645060;1.653170;1.660610;;;0.010541;0.010628;0.2887;0.5438;0.3049;0.2384;0.5427;0.7702;0.2863;0.5876;0.2542;0.2365;0.4819;0.7639;0.0128;0.0059;-0.0012;-0.0037;-0.0177;610579.308;suitable for precision molding;20.01.17;;3;4;547;86;;
 N-BAF52 ;1.60863;1.61173;46.60;46.30;39/35;1.43903433E+00;9.67046052E-02;1.09875818E+00;9.07800128E-03;5.08212080E-02;1.05691856E+02;1.15E-06;1.27E-08;-5.08E-12;5.64E-07;6.38E-10;2.38E-01;2.30;3.10;4.00;0.20;0.90;1.80;2.30;3.30;4.30;0.90;1.90;2.90;2.50;3.60;4.70;1.40;2.5;3.6;2.42;0.390;0.630;0.890;0.975;0.994;0.993;0.990;0.989;0.990;0.989;0.980;0.967;0.954;0.938;0.900;0.880;0.800;0.650;0.370;0.210; ; ; ; ; ; ; ; ; ; ;0.686;0.831;0.954;0.990;0.998;0.997;0.996;0.996;0.996;0.996;0.992;0.987;0.981;0.975;0.959;0.950;0.915;0.842;0.672;0.536;0.048; ; ; ; ; ; ; ; ; ;;1;0;1;1.3;1;3.05;594;596;716;0.68;0.96;6.86;7.83;86;0.237;600;3;2.42;1.57475;1.58067;1.58702;1.59381;1.59461;1.59801;1.60254;1.60473;1.60535;1.60593;1.60852;1.60863;1.61173;1.61779;1.61856;1.62521;1.63157;;;;;;;0.013061;0.013211;0.2600;0.5147;0.2985;0.2374;0.5678;;0.2571;0.5555;0.2485;0.2348;0.5035;;0.0087;0.0031;0.0002;0.0024;;609466.305; ;01.02.14;1.9;;;;;;
 N-SK2 ;1.60738;1.60994;56.65;56.37;33/28;1.28189012E+00;2.57738258E-01;9.68186040E-01;7.27191640E-03;2.42823527E-02;1.10377773E+02;3.80E-06;1.41E-08;2.28E-11;6.44E-07;8.03E-11;1.08E-01;3.70;4.60;5.30;1.50;2.40;3.10;3.60;4.50;5.30;2.30;3.10;3.90;4.00;4.90;5.70;2.90;3.8;4.5;2.31;0.600;0.760;0.930;0.988;0.995;0.995;0.994;0.994;0.995;0.995;0.990;0.983;0.982;0.984;0.985;0.984;0.979;0.970;0.940;0.920;0.780;0.490;0.180;0.040; ; ; ; ; ; ;0.815;0.896;0.971;0.995;0.998;0.998;0.998;0.998;0.998;0.998;0.996;0.993;0.993;0.994;0.994;0.994;0.992;0.988;0.976;0.967;0.905;0.752;0.504;0.276;0.102;0.020; ; ; ; ;;2;0;2.2;1;2.3;3.55;659;659;823;0.595;0.776;6;7.1;78;0.263;550;2;2.31;1.57881;1.58378;1.58914;1.59490;1.59558;1.59847;1.60230;1.60414;1.60465;1.60513;1.60729;1.60738;1.60994;1.61486;1.61547;1.62073;1.62562;1.63398;1.643040;;;;;0.010722;0.010821;0.2690;0.5285;0.3027;0.2384;0.5477;0.7802;0.2666;0.5713;0.2523;0.2362;0.4860;0.7730;-0.0162;-0.0064;0.0003;-0.0008;-0.0130;607567.355;step 0.5 available;24.05.16;1.2;;;;;;
 N-SK2HT ;1.60738;1.60994;56.65;56.37;33/28;1.28189012E+00;2.57738258E-01;9.68186040E-01;7.27191640E-03;2.42823527E-02;1.10377773E+02;3.80E-06;1.41E-08;2.28E-11;6.44E-07;8.03E-11;1.08E-01;3.70;4.60;5.30;1.50;2.40;3.10;3.60;4.50;5.30;2.30;3.10;3.90;4.00;4.90;5.70;2.90;3.8;4.5;2.31;0.585;0.748;0.940;0.987;0.996;0.997;0.996;0.996;0.997;0.997;0.995;0.992;0.991;0.992;0.991;0.990;0.986;0.980;0.968;0.957;0.892;0.703;0.346;0.092; ; ; ; ; ; ;0.807;0.890;0.976;0.995;0.998;0.999;0.998;0.998;0.999;0.999;0.998;0.997;0.996;0.997;0.996;0.996;0.994;0.992;0.987;0.983;0.955;0.869;0.654;0.385;0.130;0.010; ; ; ; ;;2;0;2.2;1;2.3;3.55;659;659;823;0.595;0.776;6;7.1;78;0.263;550;2;2.31;1.57881;1.58378;1.58914;1.59490;1.59558;1.59847;1.60230;1.60414;1.60465;1.60513;1.60729;1.60738;1.60994;1.61486;1.61547;1.62073;1.62562;1.63398;1.643040;;;;;0.010722;0.010821;0.2690;0.5285;0.3027;0.2384;0.5477;0.7802;0.2666;0.5713;0.2523;0.2362;0.4860;0.7730;-0.0162;-0.0064;0.0003;-0.0008;-0.0130;607567.355;;21.02.18;2.0;;;;;;
 N-BAF4 ;1.60568;1.60897;43.72;43.43;39/35;1.42056328E+00;1.02721269E-01;1.14380976E+00;9.42015382E-03;5.31087291E-02;1.10278856E+02;9.39E-07;1.24E-08;-9.00E-12;6.17E-07;8.42E-10;2.42E-01;2.20;3.10;4.10;0.10;0.90;1.90;2.20;3.30;4.50;0.90;1.90;3.00;2.40;3.60;4.90;1.30;2.5;3.8;2.58;0.420;0.640;0.890;0.977;0.994;0.994;0.991;0.990;0.992;0.992;0.985;0.971;0.959;0.940;0.900;0.870;0.770;0.580;0.280;0.130; ; ; ; ; ; ; ; ; ; ;0.707;0.837;0.954;0.991;0.998;0.998;0.996;0.996;0.997;0.997;0.994;0.988;0.983;0.976;0.959;0.946;0.901;0.804;0.601;0.442;0.012; ; ; ; ; ; ; ; ; ;;1;0;1;1.2;1.3;2.89;580;580;709;0.74;1.02;7.24;8.29;85;0.231;610;3;2.58;1.57092;1.57685;1.58323;1.59016;1.59099;1.59452;1.59926;1.60157;1.60222;1.60282;1.60556;1.60568;1.60897;1.61542;1.61624;1.62336;1.63022;;;;;;;0.013853;0.014021;0.2545;0.5089;0.2972;0.2372;0.5733;;0.2515;0.5491;0.2473;0.2344;0.5081;;0.0110;0.0041;0.0002;0.0030;;606437.289; ;01.02.14;1.5;;;;;;
 F5 ;1.60342;1.60718;38.03;37.77;35/32;1.31044630E+00;1.96034260E-01;9.66129770E-01;9.58633048E-03;4.57627627E-02;1.15011883E+02;2.13E-06;1.65E-08;-6.98E-11;1.02E-06;6.56E-10;2.08E-01;2.50;4.00;5.50;0.40;1.80;3.30;3.00;4.60;6.20;1.60;3.20;4.80;3.10;4.80;6.50;2.00;3.7;5.4;2.92;0.550;0.650;0.860;0.987;0.998;0.997;0.996;0.995;0.995;0.995;0.994;0.991;0.990;0.988;0.985;0.982;0.973;0.960;0.930;0.910;0.760;0.300;0.000; ; ; ; ; ; ; ;0.787;0.842;0.941;0.995;0.999;0.999;0.998;0.998;0.998;0.998;0.998;0.996;0.996;0.995;0.994;0.993;0.989;0.984;0.971;0.963;0.896;0.618;0.080;0.000; ; ; ; ; ; ;;1;0;1;2.3;2;3.47;438;425;608;0.56;0.88;8;8.9;58;0.22;450;3;2.92;1.56934;1.57427;1.57979;1.58636;1.58721;1.59093;1.59616;1.59875;1.59948;1.60017;1.60328;1.60342;1.60718;1.61461;1.61556;1.62381;1.63176;1.64606;1.662760;;;;;0.015867;0.016078;0.2346;0.4925;0.2946;0.2371;0.5795;0.9015;0.2315;0.5317;0.2451;0.2340;0.5131;0.8897;0.0017;0.0009;-0.0001;-0.0003;-0.0028;603380.347;lead containing glass type;01.02.14;1.8;;;;;;
 N-SK14 ;1.60311;1.60548;60.60;60.34;35/29;9.36155374E-01;5.94052018E-01;1.04374583E+00;4.61716525E-03;1.68859270E-02;1.03736265E+02;1.58E-06;1.22E-08;-8.04E-12;4.46E-07;5.22E-10;1.50E-01;2.50;3.00;3.50;0.30;0.80;1.30;2.40;3.10;3.70;1.10;1.70;2.30;2.60;3.30;4.00;1.50;2.2;2.8;2;0.380;0.630;0.900;0.980;0.994;0.995;0.995;0.995;0.995;0.995;0.993;0.988;0.985;0.983;0.978;0.975;0.970;0.952;0.930;0.910;0.790;0.520;0.220;0.070; ; ; ; ; ; ;0.679;0.831;0.959;0.992;0.998;0.998;0.998;0.998;0.998;0.998;0.997;0.995;0.994;0.993;0.991;0.990;0.988;0.981;0.971;0.963;0.910;0.770;0.546;0.345;0.160;0.040; ; ; ; ;;4;2;51.3;2;2.3;3.43;654;638;773;0.636;0.851;6;7;86;0.261;600;3;2;1.57336;1.57903;1.58502;1.59113;1.59182;1.59467;1.59834;1.60008;1.60056;1.60101;1.60302;1.60311;1.60548;1.61003;1.61059;1.61542;1.61988;1.62748;1.635640;;;;;0.009953;0.010034;0.2864;0.5427;0.3049;0.2385;0.5415;0.7631;0.2841;0.5865;0.2542;0.2366;0.4808;0.7569;-0.0033;-0.0015;0.0000;-0.0003;-0.0044;603606.343; ;01.12.23;1.4;;;;;;
 LF5G19 ;1.59655;1.60010;39.89;39.60;45/39;1.34611327E+00;1.42428018E-01;9.00477176E-01;9.71743850E-03;5.01911619E-02;1.11959703E+02;-8.15E-06;1.34E-08;-9.22E-12;8.57E-07;8.26E-10;2.43E-01;-2.10;-0.90;0.40;-4.20;-3.10;-1.80;-2.00;-0.70;0.80;-3.30;-2.10;-0.60;-1.80;-0.30;1.30;-2.80;-1.4;0.1;2.8;0.200;0.316;0.707;0.979;0.998;0.993;0.987;0.983;0.977;0.966;0.934;0.832;0.612;0.350;0.090;0.040; ; ; ; ; ; ; ; ; ; ; ; ; ;  ;0.525;0.631;0.870;0.992;0.999;0.997;0.995;0.993;0.991;0.986;0.973;0.929;0.822;0.657;0.382;0.276;0.090; ; ; ; ; ; ; ; ; ; ; ; ; ;;2-3;2;3.4;2.2;3;3.30;474;462;606;0.58;0.75;10.65;11.42;56;0.242;410;2;2.8;1.56416;1.56890;1.57419;1.58045;1.58125;1.58477;1.58970;1.59214;1.59284;1.59349;1.59642;1.59655;1.60010;1.60710;1.60799;1.61578;1.62330;;;;;;;0.014954;0.015153;0.2355;0.4930;0.2946;0.2370;0.5803;;0.2324;0.5322;0.2451;0.2339;0.5139;;-0.0056;-0.0028;0.0009;0.0036;;597399.330;radiation resistant glass, lead containing glass type;1.2.14;3.1;;;;;;
 N-SK5 ;1.58913;1.59142;61.27;61.02;34/29;9.91463823E-01;4.95982121E-01;9.87393925E-01;5.22730467E-03;1.72733646E-02;9.83594579E+01;3.50E-06;1.22E-08;6.38E-11;2.46E-07;-3.34E-11;2.78E-01;3.50;4.00;4.60;1.40;1.90;2.40;3.20;3.70;4.30;1.90;2.30;2.90;3.60;4.10;4.70;2.60;3;3.6;2.16;0.380;0.640;0.910;0.980;0.997;0.995;0.994;0.993;0.995;0.996;0.994;0.989;0.987;0.986;0.983;0.981;0.971;0.960;0.940;0.930;0.820;0.580;0.270;0.100;0.020; ; ; ; ; ;0.680;0.840;0.963;0.992;0.999;0.998;0.998;0.997;0.998;0.998;0.998;0.996;0.995;0.994;0.993;0.992;0.988;0.984;0.976;0.971;0.920;0.800;0.590;0.400;0.210;0.090;0.030; ; ; ;;3;1;4.4;2;1.3;3.30;660;657;791;0.56;0.99;5.5;6.5;84;0.256;590;3;2.16;1.55966;1.56539;1.57140;1.57747;1.57815;1.58094;1.58451;1.58619;1.58666;1.58710;1.58904;1.58913;1.59142;1.59581;1.59635;1.60100;1.60530;1.61260;1.620430;1.627590;;;;0.009616;0.009692;0.2904;0.5460;0.3055;0.2386;0.5400;0.7591;0.2881;0.5901;0.2547;0.2367;0.4796;0.7531;0.0008;0.0003;-0.0002;-0.0007;-0.0045;589613.330; ;01.02.14;1.6;;;;;;
 N-SK5HTi ;1.58913;1.59142;61.27;61.02;;9.91463823E-01;4.95982121E-01;9.87393925E-01;5.22730467E-03;1.72733646E-02;9.83594579E+01;3.50E-06;1.22E-08;6.38E-11;2.46E-07;-3.34E-11;2.78E-01;3.50;4.00;4.60;1.40;1.90;2.40;3.20;3.70;4.30;1.90;2.30;2.90;3.60;4.10;4.70;2.60;3;3.6;2.16;0.897;0.973;0.976;0.987;0.999;0.998;0.998;0.995;0.995;0.996;0.994;0.993;0.992;0.992;0.993;0.992;0.992;0.989;0.983;0.978;0.952;0.867;0.649;0.440;0.216;0.058;;;;;0.957;0.989;0.990;0.995;1.000;0.999;0.999;0.998;0.998;0.998;0.998;0.997;0.997;0.997;0.997;0.997;0.997;0.996;0.993;0.991;0.981;0.945;0.841;0.720;0.542;0.320;;;;;;3;1;4.4;2;1.3;3.30;660;657;791;0.56;0.99;5.5;6.5;84;0.256;590;3;2.16;1.55966;1.56539;1.57140;1.57747;1.57815;1.58094;1.58451;1.58619;1.58666;1.58710;1.58904;1.58913;1.59142;1.59581;1.59635;1.60100;1.60530;1.61260;1.620430;1.627590;;;;0.009616;0.009692;0.2904;0.5460;0.3055;0.2386;0.5400;0.7591;0.2881;0.5901;0.2547;0.2367;0.4796;0.7531;0.0008;0.0003;-0.0002;-0.0007;-0.0045;589613.330;;13.07.22;;;;;;;
 P-SK57 ;1.58700;1.58935;59.60;59.36;34/31;1.31053414E+00;1.69376189E-01;1.10987714E+00;7.40877235E-03;2.54563489E-02;1.07751087E+02;2.60E-06;9.40E-09;-2.30E-11;4.90E-07;5.96E-10;1.78E-01;3.00;3.70;4.20;0.90;1.50;2.00;2.90;3.60;4.30;1.50;2.20;2.90;2.90;3.70;4.40;1.80;2.6;3.3;2.17;0.400;0.630;0.890;0.978;0.997;0.997;0.997;0.997;0.997;0.997;0.995;0.991;0.989;0.987;0.985;0.984;0.980;0.973;0.960;0.950;0.870;0.610;0.160; ; ; ; ; ; ; ;0.693;0.831;0.954;0.991;0.999;0.999;0.999;0.999;0.999;0.999;0.998;0.996;0.996;0.995;0.994;0.994;0.992;0.989;0.984;0.980;0.946;0.821;0.480;0.123; ; ; ; ; ; ;;4;3;52.3;2;3;3.01;493;494;593;0.76;1.01;7.23;8.9;93;0.249;535;3;2.17;1.55688;1.56271;1.56885;1.57507;1.57576;1.57862;1.58227;1.58399;1.58447;1.58492;1.58691;1.58700;1.58935;1.59384;1.59440;1.59917;1.60359;1.61112;1.619230;1.626690;;;;0.009849;0.009928;0.2902;0.5454;0.3053;0.2385;0.5412;0.7644;0.2878;0.5894;0.2545;0.2366;0.4806;0.7583;0.0079;0.0036;-0.0008;-0.0024;-0.0115;587596.301;suitable for precision molding;01.02.14;;1;4;522;124;;
 LF5 ;1.58144;1.58482;40.85;40.57;34/31;1.28035628E+00;1.63505973E-01;8.93930112E-01;9.29854416E-03;4.49135769E-02;1.10493685E+02;-2.27E-06;9.71E-09;-2.83E-11;8.36E-07;9.95E-10;2.28E-01;0.80;1.90;3.10;-1.30;-0.20;0.90;0.80;2.00;3.40;-0.60;0.70;2.00;0.80;2.20;3.70;-0.30;1.1;2.6;2.8; ;0.660;0.870;0.992;0.998;0.998;0.998;0.998;0.997;0.997;0.996;0.995;0.994;0.993;0.992;0.992;0.984;0.973;0.961;0.954;0.880;0.570;0.040; ; ; ; ; ; ; ; ;0.847;0.946;0.997;0.999;0.999;0.999;0.999;0.999;0.999;0.998;0.998;0.998;0.997;0.997;0.997;0.994;0.989;0.984;0.981;0.950;0.799;0.320;0.040; ; ; ; ; ; ;;2;0;1;2.3;2;3.22;419;411;585;0.657;0.866;9.1;10.6;59;0.223;450;2;2.8;1.54966;1.55445;1.55975;1.56594;1.56672;1.57014;1.57489;1.57723;1.57789;1.57851;1.58132;1.58144;1.58482;1.59146;1.59231;1.59964;1.60668;1.61926;1.633800;;;;;0.014233;0.014413;0.2401;0.4981;0.2959;0.2373;0.5748;0.8836;0.2371;0.5378;0.2462;0.2343;0.5091;0.8726;-0.0006;0.0000;-0.0001;-0.0003;-0.0037;581409.322;lead containing glass type;01.02.14;2.1;;;;;;
 LF5HTi ;1.58144;1.58482;40.89;40.61;33/31;1.28552924E+00;1.58357622E-01;8.92175122E-01;9.39886260E-03;4.52566659E-02;1.10544829E+02;-2.26E-06;1.17E-08;-4.14E-11;8.24E-07;7.78E-10;2.32E-01;0.70;1.80;3.00;-1.40;-0.30;0.80;0.80;2.00;3.40;-0.60;0.70;2.00;0.80;2.20;3.60;-0.30;1.1;2.5;2.8;0.532;0.628;0.852;0.991;0.999;0.999;0.999;0.999;0.999;0.999;0.998;0.998;0.998;0.997;0.997;0.997;0.996;0.995;0.993;0.991;0.962;0.750;0.089;0.000; ; ; ; ; ; ;0.777;0.830;0.938;0.996;0.999;0.999;0.999;0.999;0.999;0.999;0.999;0.999;0.999;0.999;0.999;0.999;0.999;0.998;0.997;0.996;0.985;0.891;0.380;0.020;0.000; ; ; ; ; ;;2;0;1;2.3;2;3.22;419;411;585;0.657;0.866;9.1;10.6;59;0.223;450;;2.8;1.54970;1.55448;1.55978;1.56596;1.56674;1.57015;1.57490;1.57724;1.57790;1.57852;1.58132;1.58144;1.58482;1.59145;1.59230;1.59963;1.60665;1.61921;;;;;;0.014220;0.014400;0.2401;0.4982;0.2959;0.2373;0.5746;0.8831;0.2371;0.5380;0.2462;0.2343;0.5090;0.8721;-0.0006;0.0000;-0.0001;-0.0004;-0.0041;581409.322;i-line glass;17.05.13;;;;;;;
 N-BALF4 ;1.57956;1.58212;53.87;53.59;37/33;1.31004128E+00;1.42038259E-01;9.64929351E-01;7.96596450E-03;3.30672072E-02;1.09197320E+02;5.33E-06;1.47E-08;-1.58E-11;5.75E-07;6.58E-10;1.95E-01;4.10;4.90;5.60;2.00;2.70;3.40;4.20;5.10;6.00;2.90;3.70;4.60;4.40;5.40;6.40;3.40;4.3;5.3;3.01;0.580;0.740;0.920;0.984;0.993;0.997;0.995;0.995;0.996;0.995;0.993;0.986;0.983;0.981;0.970;0.964;0.940;0.900;0.820;0.750;0.380; ; ; ; ; ; ; ; ; ;0.804;0.887;0.967;0.994;0.997;0.999;0.998;0.998;0.998;0.998;0.997;0.994;0.993;0.992;0.988;0.985;0.976;0.959;0.924;0.891;0.679;0.158; ; ; ; ; ; ; ; ;;1;0;1;1;1;3.11;578;584;661;0.69;0.85;6.52;7.41;77;0.245;540;2;3.01;1.55068;1.55577;1.56124;1.56707;1.56776;1.57065;1.57447;1.57631;1.57683;1.57731;1.57946;1.57956;1.58212;1.58707;1.58769;1.59301;1.59799;1.60658;;;;;;0.010759;0.010863;0.2687;0.5265;0.3019;0.2382;0.5520;0.7986;0.2661;0.5689;0.2515;0.2359;0.4897;0.7909;-0.0053;-0.0019;-0.0001;-0.0012;-0.0114;580539.311; ;01.02.14;2.1;;;;;;
 N-BAK1 ;1.57250;1.57487;57.55;57.27;33/29;1.12365662E+00;3.09276848E-01;8.81511957E-01;6.44742752E-03;2.22284402E-02;1.07297751E+02;1.86E-07;1.29E-08;-1.87E-11;5.25E-07;5.46E-10;1.82E-01;1.70;2.40;3.00;-0.40;0.20;0.80;1.80;2.50;3.20;0.40;1.20;1.80;1.90;2.70;3.50;0.90;1.7;2.4;2.62;0.584;0.721;0.903;0.986;0.996;0.997;0.995;0.995;0.995;0.995;0.992;0.990;0.989;0.990;0.990;0.990;0.988;0.983;0.977;0.969;0.930;0.820;0.570;0.290;0.070; ; ; ; ; ;0.806;0.877;0.960;0.994;0.998;0.999;0.998;0.998;0.998;0.998;0.997;0.996;0.996;0.996;0.996;0.996;0.995;0.993;0.991;0.987;0.971;0.924;0.799;0.609;0.345;0.102;0.014; ; ; ;;2;1;3.3;1.2;2;3.19;592;592;746;0.687;0.795;7.6;8.6;73;0.252;530;2;2.62;1.54556;1.55032;1.55543;1.56088;1.56152;1.56421;1.56778;1.56949;1.56997;1.57041;1.57241;1.57250;1.57487;1.57943;1.58000;1.58488;1.58941;1.59716;1.605540;1.613260;;;;0.009948;0.010039;0.2712;0.5301;0.3029;0.2384;0.5472;0.7788;0.2687;0.5730;0.2525;0.2362;0.4855;0.7717;-0.0167;-0.0069;0.0006;0.0002;-0.0075;573576.319; ;01.02.14;1.2;;;;;;
 N-BAK4 ;1.56883;1.57125;55.98;55.70;36/33;1.28834642E+00;1.32817724E-01;9.45395373E-01;7.79980626E-03;3.15631177E-02;1.05965875E+02;3.06E-06;1.44E-08;-2.23E-11;5.46E-07;6.05E-10;1.89E-01;3.00;3.70;4.40;0.90;1.50;2.20;3.10;3.90;4.70;1.80;2.60;3.30;3.30;4.20;5.00;2.20;3.1;3.9;2.9;0.540;0.710;0.900;0.982;0.995;0.997;0.995;0.995;0.996;0.996;0.994;0.989;0.988;0.987;0.983;0.980;0.967;0.940;0.890;0.840;0.550;0.070; ; ; ; ; ; ; ; ;0.782;0.872;0.959;0.993;0.998;0.999;0.998;0.998;0.998;0.998;0.998;0.996;0.995;0.995;0.993;0.992;0.987;0.976;0.954;0.933;0.787;0.345;0.012; ; ; ; ; ; ; ;;1;0;1.2;1;1;3.05;581;569;725;0.68;0.88;6.99;7.93;77;0.24;550;2;2.9;1.54044;1.54561;1.55111;1.55688;1.55755;1.56034;1.56400;1.56575;1.56624;1.56670;1.56874;1.56883;1.57125;1.57591;1.57649;1.58149;1.58614;1.59415;;;;;;0.010162;0.010255;0.2749;0.5321;0.3029;0.2383;0.5487;0.7879;0.2724;0.5750;0.2524;0.2361;0.4869;0.7807;-0.0034;-0.0013;-0.0001;-0.0010;-0.0087;569560.305; ;01.02.14;1.0;;;;;;
 N-BAK4HT ;1.56883;1.57125;55.98;55.70;36/33;1.28834642E+00;1.32817724E-01;9.45395373E-01;7.79980626E-03;3.15631177E-02;1.05965875E+02;3.06E-06;1.44E-08;-2.23E-11;5.46E-07;6.05E-10;1.89E-01;3.00;3.70;4.40;0.90;1.50;2.20;3.10;3.90;4.70;1.80;2.60;3.30;3.30;4.20;5.00;2.20;3.1;3.9;2.90;0.673;0.811;0.949;0.991;0.998;0.996;0.996;0.996;0.996;0.996;0.995;0.993;0.992;0.991;0.985;0.983;0.972;0.949;0.900;0.859;0.595;0.095; ; ; ; ; ; ; ; ;0.854;0.920;0.979;0.996;0.999;0.998;0.998;0.998;0.998;0.998;0.998;0.997;0.997;0.996;0.994;0.993;0.989;0.979;0.959;0.941;0.812;0.390;0.015; ; ; ; ; ; ; ;;1;0;1.2;1;1;3.05;581;569;725;0.680;0.880;7.0;7.9;77;0.240;550;2;2.90;1.540440;1.545610;1.551110;1.556880;1.557550;1.560340;1.564000;1.565750;1.566240;1.566700;1.568740;1.568830;1.571250;1.575910;1.576490;1.581490;1.586140;1.594150;;;;;;0.010162;0.010255;0.2749;0.5321;0.3029;0.2383;0.5487;0.7879;0.2724;0.575;0.2524;0.2361;0.4869;0.7807;-0.0034;-0.0013;-0.0001;-0.001;-0.0087;569560.305; ;01.02.14;1.7;;;;;;
 N-SK11 ;1.56384;1.56605;60.80;60.55;34/29;1.17963631E+00;2.29817295E-01;9.35789652E-01;6.80282081E-03;2.19737205E-02;1.01513232E+02;2.14E-06;1.27E-08;-7.21E-11;3.51E-07;5.41E-10;2.38E-01;2.40;2.80;3.40;0.30;0.70;1.20;2.60;3.20;3.80;1.20;1.80;2.40;2.50;3.20;3.90;1.50;2.1;2.8;2.45;0.540;0.730;0.920;0.984;0.995;0.996;0.995;0.995;0.996;0.997;0.994;0.990;0.988;0.985;0.980;0.975;0.970;0.963;0.950;0.940;0.880;0.710;0.410;0.160;0.020; ; ; ; ; ;0.782;0.882;0.967;0.994;0.998;0.998;0.998;0.998;0.998;0.999;0.998;0.996;0.995;0.994;0.992;0.990;0.988;0.985;0.980;0.976;0.950;0.872;0.700;0.480;0.212;0.058; ; ; ; ;;2;0;2;1;2.3;3.08;610;601;760;0.65;0.92;6.5;7.6;79;0.239;570;2;2.45;1.53598;1.54131;1.54693;1.55266;1.55330;1.55597;1.55939;1.56101;1.56146;1.56188;1.56376;1.56384;1.56605;1.57028;1.57081;1.57530;1.57946;1.58653;1.594140;1.601100;;;;0.009274;0.009349;0.2874;0.5436;0.3051;0.2385;0.5411;0.7626;0.2850;0.5875;0.2544;0.2366;0.4805;0.7564;-0.0024;-0.0011;0.0000;-0.0004;-0.0037;564608.308; ;01.12.23;1.4;;;;;;
 N-KZFS2 ;1.55836;1.56082;54.01;53.83;34/30;1.23697554E+00;1.53569376E-01;9.03976272E-01;7.47170505E-03;3.08053556E-02;7.01731084E+01;6.77E-06;1.31E-08;-1.23E-11;3.84E-07;5.51E-10;1.96E-01;4.60;5.20;5.70;2.50;3.00;3.50;4.70;5.30;5.90;3.30;3.90;4.50;4.80;5.50;6.20;3.80;4.5;5.1;3.98;0.040;0.260;0.800;0.940;0.991;0.996;0.994;0.994;0.994;0.994;0.992;0.987;0.981;0.975;0.967;0.963;0.950;0.930;0.910;0.890;0.800;0.590;0.240;0.030; ; ; ; ; ; ;0.276;0.583;0.915;0.976;0.996;0.998;0.998;0.998;0.998;0.998;0.997;0.995;0.992;0.990;0.987;0.985;0.980;0.971;0.963;0.954;0.915;0.810;0.565;0.246;0.012; ; ; ; ; ;;1;4;52.3;4.3;4.2;2.54;482;488;590;0.83;0.81;4.44;5.4;66;0.266;490;3;3.98;1.52239;1.53011;1.53798;1.54546;1.54625;1.54944;1.55337;1.55519;1.55570;1.55617;1.55827;1.55836;1.56082;1.56553;1.56612;1.57114;1.57580;1.58382;1.592590;;;;;0.010338;0.010418;0.3080;0.5568;0.3061;0.2383;0.5419;0.7758;0.3056;0.6011;0.2552;0.2365;0.4814;0.7699;0.0636;0.0280;-0.0044;-0.0111;-0.0440;558540.254;suitable for precision molding, step 0.5 available;01.12.23;9.3;6;6;533;70;;
 N-PSK3 ;1.55232;1.55440;63.46;63.23;33/28;8.87272110E-01;4.89592425E-01;1.04865296E+00;4.69824067E-03;1.61818463E-02;1.04374975E+02;2.03E-06;1.19E-08;2.46E-11;3.14E-07;2.45E-10;2.35E-01;2.60;3.10;3.60;0.60;1.00;1.50;2.50;3.00;3.50;1.20;1.60;2.10;2.70;3.20;3.80;1.70;2.2;2.7;2.48;0.338;0.588;0.877;0.978;0.997;0.995;0.993;0.992;0.993;0.993;0.990;0.987;0.986;0.986;0.987;0.986;0.983;0.977;0.971;0.964;0.920;0.800;0.520;0.260;0.060; ; ; ; ; ;0.648;0.809;0.949;0.991;0.999;0.998;0.997;0.997;0.997;0.997;0.996;0.995;0.994;0.994;0.995;0.994;0.993;0.991;0.988;0.985;0.967;0.915;0.770;0.583;0.325;0.123;0.026; ; ; ;;3;0;2.2;2;2;2.91;599;597;736;0.682;0.99;6.2;7.3;84;0.226;630;2;2.48;1.52375;1.52954;1.53558;1.54154;1.54218;1.54482;1.54811;1.54965;1.55008;1.55048;1.55224;1.55232;1.55440;1.55835;1.55885;1.56302;1.56688;1.57342;1.580410;1.586790;;;;0.008704;0.008767;0.3023;0.5555;0.3069;0.2386;0.5365;0.7509;0.3001;0.6002;0.2559;0.2369;0.4767;0.7454;0.0118;0.0047;-0.0005;-0.0005;0.0016;552635.291; ;01.02.14;1.3;;;;;;
 LLF1HTi ;1.54815;1.55099;45.90;45.62;33/31;1.22510445E+00;1.25155671E-01;8.92236751E-01;8.70432098E-03;4.27325235E-02;1.08049968E+02;2.55E-07;1.41E-08;-3.32E-11;6.74E-07;6.27E-10;2.27E-01;1.70;2.60;3.50;-0.40;0.50;1.40;1.80;2.90;3.90;0.50;1.50;2.50;2.00;3.10;4.20;0.90;2;3.1;3.03;0.477;0.579;0.833;0.990;0.999;0.999;0.998;0.998;0.998;0.998;0.998;0.998;0.997;0.997;0.997;0.997;0.996;0.995;0.994;0.993;0.982;0.892;0.441;0.026;0.000; ; ; ; ; ;0.744;0.804;0.930;0.996;0.999;0.999;0.999;0.999;0.999;0.999;0.999;0.999;0.999;0.999;0.999;0.999;0.998;0.998;0.998;0.997;0.993;0.955;0.721;0.231;0.000; ; ; ; ; ;;1;0;1;2;1;2.94;431;426;628;0.65;0.99;8.1;9.2;60;0.208;450;;3.03;1.51863;1.52354;1.52886;1.53473;1.53544;1.53848;1.54259;1.54459;1.54515;1.54568;1.54804;1.54815;1.55099;1.55653;1.55723;1.56328;1.56904;1.57920;;;;;;0.011942;0.012078;0.2544;0.5114;0.2985;0.2376;0.5656;0.8512;0.2515;0.5523;0.2485;0.2349;0.5014;0.8416;0.0031;0.0015;-0.0003;-0.0010;-0.0062;548459.294;i-line glass;01.12.23;;;;;;;
 LLF1 ;1.54814;1.55099;45.75;45.47;33/31;1.21640125E+00;1.33664540E-01;8.83399468E-01;8.57807248E-03;4.20143003E-02;1.07593060E+02;3.25E-07;1.74E-08;-6.12E-11;6.53E-07;2.58E-10;2.33E-01;1.50;2.40;3.40;-0.60;0.30;1.30;1.90;2.90;3.90;0.60;1.50;2.50;2.00;3.00;4.10;1.00;2;3;3.03;0.500;0.610;0.840;0.990;0.996;0.997;0.996;0.996;0.997;0.997;0.996;0.996;0.996;0.995;0.994;0.993;0.992;0.988;0.984;0.981;0.955;0.810;0.300;0.010; ; ; ; ; ; ;0.758;0.821;0.933;0.996;0.998;0.999;0.998;0.998;0.999;0.999;0.998;0.998;0.998;0.998;0.998;0.997;0.997;0.995;0.994;0.992;0.982;0.919;0.618;0.240;0.024;0.002; ; ; ; ;;1;0;1;2;1;2.94;431;426;628;0.65;0.99;8.1;9.2;60;0.208;450;3;3.03;1.51865;1.52354;1.52884;1.53470;1.53541;1.53845;1.54256;1.54457;1.54513;1.54566;1.54803;1.54814;1.55099;1.55655;1.55725;1.56333;1.56911;1.57932;1.590920;;;;;0.011981;0.012118;0.2537;0.5108;0.2983;0.2376;0.5660;0.8520;0.2508;0.5516;0.2484;0.2349;0.5017;0.8424;0.0025;0.0012;-0.0003;-0.0009;-0.0062;548458.294;lead containing glass type;01.12.23;2.1;;;;;;
 N-BALF5 ;1.54739;1.54982;53.63;53.36;37/34;1.28385965E+00;7.19300942E-02;1.05048927E+00;8.25815975E-03;4.41920027E-02;1.07097324E+02;1.14E-06;1.29E-08;-1.46E-11;5.02E-07;5.87E-10;2.19E-01;2.10;2.80;3.50;0.10;0.70;1.30;2.10;2.90;3.70;0.80;1.60;2.30;2.30;3.10;3.90;1.30;2.1;2.9;2.76;0.300;0.500;0.810;0.973;0.991;0.995;0.993;0.993;0.995;0.995;0.992;0.988;0.984;0.978;0.965;0.957;0.920;0.850;0.710;0.600;0.128; ; ; ; ; ; ; ; ; ;0.618;0.758;0.919;0.989;0.996;0.998;0.997;0.997;0.998;0.998;0.997;0.995;0.994;0.991;0.986;0.983;0.967;0.937;0.872;0.815;0.439;0.006; ; ; ; ; ; ; ; ;;1;0;1;2;1;2.61;558;559;711;0.81;1.05;7.34;8.43;81;0.214;600;2;2.76;;;;1.53529;1.53598;1.53885;1.54255;1.54430;1.54479;1.54525;1.54730;1.54739;1.54982;1.55451;1.55510;1.56016;1.56491;;;;;;;0.010207;0.010303;0.2810;0.5345;0.3025;0.2380;0.5532;;0.2783;0.5771;0.2520;0.2357;0.4909;;0.0161;0.0066;-0.0007;-0.0004;;547536.261; ;01.02.14;3.1;;;;;;
 N-BAK2 ;1.53996;1.54212;59.71;59.44;32/28;1.01662154E+00;3.19903051E-01;9.37232995E-01;5.92383763E-03;2.03828415E-02;1.13118417E+02;-1.45E-06;1.10E-08;4.89E-12;5.16E-07;3.05E-10;1.64E-01;1.10;1.80;2.30;-0.90;-0.30;0.20;1.00;1.70;2.30;-0.30;0.30;0.90;1.10;1.80;2.40;0.10;0.8;1.4;2.6;0.500;0.630;0.850;0.984;0.997;0.996;0.995;0.994;0.995;0.995;0.994;0.992;0.992;0.993;0.993;0.993;0.992;0.990;0.989;0.986;0.971;0.910;0.700;0.400;0.100; ; ; ; ; ;0.758;0.831;0.937;0.994;0.999;0.998;0.998;0.998;0.998;0.998;0.998;0.997;0.997;0.997;0.997;0.997;0.997;0.996;0.996;0.994;0.988;0.963;0.867;0.693;0.398;0.158;0.040; ; ; ;;2;0;1;1;2.3;2.86;554;550;727;0.69;0.92;8;9;71;0.233;530;2;2.6;1.51387;1.51871;1.52385;1.52919;1.52980;1.53234;1.53564;1.53721;1.53765;1.53806;1.53988;1.53996;1.54212;1.54625;1.54677;1.55117;1.55525;1.56221;1.569710;1.576600;1.582870;;;0.009043;0.009120;0.2810;0.5382;0.3042;0.2385;0.5437;0.7695;0.2787;0.5817;0.2536;0.2364;0.4826;0.7630;-0.0089;-0.0039;0.0004;0.0004;-0.0027;540597.286; ;01.02.14;1.2;;;;;;
 N-PK51 ;1.52855;1.53019;76.98;76.58;34/29;1.15610775E+00;1.53229344E-01;7.85618966E-01;5.85597402E-03;1.94072416E-02;1.40537046E+02;-1.98E-05;-6.06E-09;1.60E-11;4.16E-07;5.01E-10;1.34E-01;-6.00;-5.70;-5.40;-8.10;-7.80;-7.50;-7.10;-6.70;-6.40;-8.40;-8.10;-7.70;-7.50;-7.10;-6.70;-8.60;-8.2;-7.8;0.54;0.810;0.860;0.966;0.985;0.994;0.992;0.991;0.992;0.995;0.996;0.993;0.988;0.984;0.984;0.986;0.986;0.984;0.973;0.955;0.940;0.840;0.600;0.280;0.100;0.020; ; ; ; ; ;0.919;0.941;0.986;0.994;0.998;0.997;0.996;0.997;0.998;0.998;0.997;0.995;0.994;0.994;0.994;0.994;0.994;0.989;0.982;0.976;0.933;0.815;0.601;0.398;0.209;0.063;0.010;0.001; ; ;;1;0;52.3;3.3;4.3;3.86;487;488;568;0.62;0.65;12.35;14.12;74;0.295;415;6;0.54;1.50987;1.51312;1.51665;1.52045;1.52089;1.52278;1.52527;1.52646;1.52680;1.52711;1.52849;1.52855;1.53019;1.53333;1.53372;1.53704;1.54010;1.54527;1.550790;1.555790;;;;0.006867;0.006923;0.2750;0.5360;0.3046;0.2387;0.5401;0.7535;0.2727;0.5797;0.2540;0.2367;0.4794;0.7473;-0.0991;-0.0463;0.0088;0.0258;0.1203;529770.386;suitable for precision molding, step 0.5 available;21.02.18;13.8;1;3;528;592;;
 N-KF9 ;1.52346;1.52588;51.54;51.26;37/34;1.19286778E+00;8.93346571E-02;9.20819805E-01;8.39154696E-03;4.04010786E-02;1.12572446E+02;-1.66E-06;8.44E-09;-1.01E-11;6.10E-07;6.96E-10;2.17E-01;1.10;1.90;2.60;-0.90;-0.20;0.50;0.90;1.80;2.60;-0.40;0.40;1.30;0.90;1.80;2.80;-0.10;0.8;1.7;2.74;0.300;0.430;0.740;0.981;0.995;0.997;0.995;0.994;0.996;0.996;0.994;0.990;0.988;0.985;0.975;0.965;0.940;0.880;0.770;0.680;0.210; ; ; ; ; ; ; ; ; ;0.618;0.713;0.887;0.992;0.998;0.999;0.998;0.998;0.998;0.998;0.998;0.996;0.995;0.994;0.990;0.986;0.976;0.950;0.901;0.857;0.536;0.026; ; ; ; ; ; ; ; ;;1;0;1;1;1;2.50;476;476;640;0.86;1.04;9.61;10.95;66;0.225;480;1;2.74;1.49608;1.50095;1.50616;1.51170;1.51234;1.51507;1.51867;1.52040;1.52089;1.52134;1.52337;1.52346;1.52588;1.53056;1.53114;1.53620;1.54096;1.54925;;;;;;0.010156;0.010258;0.2683;0.5249;0.3012;0.2380;0.5558;0.8161;0.2657;0.5669;0.2509;0.2356;0.4930;0.8080;0.0038;0.0018;-0.0004;-0.0014;-0.0075;523515.250; ;01.02.14;2.1;;;;;;
 K5G20 ;1.52344;1.52564;56.76;56.47;41/37;1.14094396E+00;1.45001190E-01;3.74705786E+01;6.94945478E-03;3.10574444E-02;4.53625624E+03;-2.22E-06;8.45E-09;-3.31E-11;5.44E-07;4.95E-10;2.14E-01;0.80;1.50;2.20;-1.20;-0.60;0.10;0.60;1.40;2.10;-0.70;0.10;0.80;0.60;1.40;2.20;-0.50;0.3;1.1; ;0.320;0.460;0.760;0.976;0.995;0.992;0.987;0.985;0.982;0.976;0.961;0.930;0.890;0.820;0.680;0.610;0.390;0.130;0.000; ; ; ; ; ; ; ; ; ; ; ;0.634;0.733;0.896;0.990;0.998;0.997;0.995;0.994;0.993;0.990;0.984;0.971;0.954;0.924;0.857;0.821;0.686;0.442;0.130;0.029; ; ; ; ; ; ; ; ; ; ;; ;0;1;1; ;2.59;483;501;679;0.79;1;8.99;10.28;68;0.222;510;; ;1.49784;1.50236;1.50730;1.51258;1.51319;1.51573;1.51906;1.52065;1.52109;1.52151;1.52336;1.52344;1.52564;1.52987;1.53040;1.53494;1.53919;1.54651;;;;;;0.009222;0.009308;0.2764;0.5327;0.3027;0.2382;0.5500;0.7943;0.2738;0.5755;0.2523;0.2360;0.4881;0.7870;-0.0051;-0.0025;0.0005;0.0017;0.0065;523568.259;radiation resistant glass, lead containing glass type;1.2.14;6.8;;;;;;
 N-K5 ;1.52249;1.52458;59.48;59.22;34/30;1.08511833E+00;1.99562005E-01;9.30511663E-01;6.61099503E-03;2.41108660E-02;1.11982777E+02;-4.13E-07;1.03E-08;-3.40E-11;4.73E-07;5.19E-10;2.13E-01;1.50;2.10;2.60;-0.60;0.00;0.50;1.40;2.10;2.70;0.10;0.70;1.40;1.40;2.10;2.80;0.40;1.1;1.8;3.03;0.530;0.660;0.870;0.986;0.995;0.994;0.992;0.993;0.995;0.995;0.993;0.991;0.991;0.991;0.989;0.988;0.984;0.977;0.962;0.956;0.880;0.630;0.210;0.020; ; ; ; ; ; ;0.776;0.847;0.946;0.994;0.998;0.998;0.997;0.997;0.998;0.998;0.997;0.996;0.996;0.996;0.996;0.995;0.994;0.991;0.985;0.982;0.950;0.831;0.536;0.221;0.058; ; ; ; ; ;;1;0;1;1;1;2.59;546;540;720;0.783;0.95;8.2;9.6;71;0.224;530;3;3.03;1.49656;1.50146;1.50664;1.51197;1.51257;1.51507;1.51829;1.51982;1.52024;1.52064;1.52241;1.52249;1.52458;1.52860;1.52910;1.53338;1.53734;1.54412;1.551450;1.558210;;;;0.008784;0.008858;0.2843;0.5404;0.3044;0.2384;0.5438;0.7717;0.2819;0.5839;0.2538;0.2364;0.4828;0.7653;-0.0025;-0.0012;0.0001;0.0000;-0.0019;522595.259; ;01.02.14;1.4;;;;;;
 BK7G18 ;1.51975;1.52170;63.58;63.36;41/37;1.26538542E+00;1.44191073E-02;1.00323028E+00;8.13104078E-03;5.43303226E-02;1.02821166E+02;1.52E-06;1.37E-08;-1.26E-11;4.36E-07;4.17E-10;1.94E-01;2.20;2.70;3.30;0.20;0.70;1.20;2.20;2.80;3.40;0.90;1.50;2.10;2.40;3.00;3.70;1.40;2;2.6;2.77;0.320;0.540;0.841;0.979;0.998;0.993;0.988;0.984;0.979;0.973;0.957;0.927;0.873;0.780;0.600;0.510;0.280;0.080; ; ; ; ; ; ; ; ; ; ; ; ;0.634;0.782;0.933;0.992;0.999;0.997;0.995;0.994;0.992;0.989;0.982;0.970;0.947;0.905;0.815;0.764;0.601;0.360;0.080;0.020; ; ; ; ; ; ; ; ; ; ;; ;0;1;2; ;2.52;585;570;722;0.82;1.19;7;8.22;82;0.205;580;;2.77;1.49203;1.49777;1.50373;1.50953;1.51015;1.51267;1.51579;1.51724;1.51764;1.51802;1.51968;1.51975;1.52170;1.52541;1.52587;1.52981;1.53345;1.53970;;;;;;0.008174;0.008233;0.3077;0.5591;0.3071;0.2385;0.5376;0.7640;0.3055;0.6040;0.2561;0.2368;0.4777;0.7585;0.0203;0.0080;-0.0006;0.0007;0.0189;520636.252;radiation resistant glass;1.2.14;1.8;;;;;;
 N-BK7 ;1.51680;1.51872;64.17;63.96;33/29;1.03961212E+00;2.31792344E-01;1.01046945E+00;6.00069867E-03;2.00179144E-02;1.03560653E+02;1.86E-06;1.31E-08;-1.37E-11;4.34E-07;6.27E-10;1.70E-01;2.40;2.90;3.30;0.30;0.80;1.20;2.40;3.00;3.50;1.10;1.60;2.10;2.50;3.10;3.70;1.50;2.1;2.7;2.76;0.360;0.560;0.840;0.980;0.997;0.996;0.994;0.994;0.995;0.996;0.994;0.993;0.992;0.993;0.993;0.992;0.989;0.983;0.977;0.971;0.920;0.780;0.520;0.250;0.050; ; ; ; ; ;0.665;0.793;0.933;0.992;0.999;0.998;0.998;0.998;0.998;0.998;0.998;0.997;0.997;0.997;0.997;0.997;0.996;0.993;0.991;0.988;0.967;0.905;0.770;0.574;0.292;0.063; ; ; ; ;;1;0;1;2.3;2.3;2.51;557;557;719;0.858;1.114;7.1;8.3;82;0.206;610;3;2.76;1.48921;1.49495;1.50091;1.50669;1.50731;1.50980;1.51289;1.51432;1.51472;1.51509;1.51673;1.51680;1.51872;1.52238;1.52283;1.52668;1.53024;1.53627;1.542720;1.548620;;;;0.008054;0.008110;0.3098;0.5612;0.3076;0.2386;0.5349;0.7483;0.3076;0.6062;0.2566;0.2370;0.4754;0.7432;0.0216;0.0087;-0.0009;-0.0009;0.0035;517642.251;step 0.5 available;01.12.23;1.0;;;609;;;
 N-BK7HT ;1.51680;1.51872;64.17;63.96;33/29;1.03961212E+00;2.31792344E-01;1.01046945E+00;6.00069867E-03;2.00179144E-02;1.03560653E+02;1.86E-06;1.31E-08;-1.37E-11;4.34E-07;6.27E-10;1.70E-01;2.40;2.90;3.30;0.30;0.80;1.20;2.40;3.00;3.50;1.10;1.60;2.10;2.50;3.10;3.70;1.50;2.1;2.7;2.76;0.490;0.657;0.888;0.987;0.999;0.998;0.997;0.997;0.998;0.998;0.997;0.996;0.996;0.996;0.996;0.996;0.994;0.992;0.989;0.985;0.964;0.875;0.600;0.242;0.023; ; ; ; ; ;0.752;0.845;0.954;0.995;0.999;0.999;0.999;0.999;0.999;0.999;0.999;0.998;0.998;0.998;0.998;0.998;0.998;0.997;0.996;0.994;0.985;0.948;0.815;0.567;0.221;0.040; ; ; ; ;;1;0;1;2.3;2.3;2.51;557;557;719;0.858;1.114;7.1;8.3;82;0.206;610;3;2.76;1.48921;1.49495;1.50091;1.50669;1.50731;1.50980;1.51289;1.51432;1.51472;1.51509;1.51673;1.51680;1.51872;1.52238;1.52283;1.52668;1.53024;1.53627;1.542720;1.548620;;;;0.008054;0.008110;0.3098;0.5612;0.3076;0.2386;0.5349;0.7483;0.3076;0.6062;0.2566;0.2370;0.4754;0.7432;0.0216;0.0087;-0.0009;-0.0009;0.0035;517642.251;step 0.5 available;01.12.23;1.6;;;;;;
 N-BK7HTi ;1.51680;1.51872;64.17;63.96;33/29;1.03961212E+00;2.31792344E-01;1.01046945E+00;6.00069867E-03;2.00179144E-02;1.03560653E+02;1.86E-06;1.31E-08;-1.37E-11;4.34E-07;6.27E-10;1.70E-01;2.40;2.90;3.30;0.30;0.80;1.20;2.40;3.00;3.50;1.10;1.60;2.10;2.50;3.10;3.70;1.50;2.1;2.7;2.76;0.490;0.657;0.888;0.987;0.999;0.998;0.997;0.997;0.998;0.998;0.997;0.996;0.996;0.996;0.996;0.996;0.994;0.992;0.989;0.985;0.964;0.875;0.600;0.242;0.023; ; ; ; ; ;0.752;0.845;0.954;0.995;0.999;0.999;0.999;0.999;0.999;0.999;0.999;0.998;0.998;0.998;0.998;0.998;0.998;0.997;0.996;0.994;0.985;0.948;0.815;0.567;0.221;0.040; ; ; ; ;;1;0;1;2.3;2.3;2.51;557;557;719;0.858;1.114;7.1;8.3;82;0.206;610;3;2.76;1.48921;1.49495;1.50091;1.50669;1.50731;1.50980;1.51289;1.51432;1.51472;1.51509;1.51673;1.51680;1.51872;1.52238;1.52283;1.52668;1.53024;1.53627;1.542720;1.548620;;;;0.008054;0.008110;0.3098;0.5612;0.3076;0.2386;0.5349;0.7483;0.3076;0.6062;0.2566;0.2370;0.4754;0.7432;0.0216;0.0087;-0.0009;-0.0009;0.0035;517642.251;i-line glass;01.12.23;;;;;;;
 N-BK7HTSultra ;1.51680;1.51872;64.17;63.96;32/29;1.03961212E+00;2.31792344E-01;1.01046945E+00;6.00069867E-03;2.00179144E-02;1.03560653E+02;1.86E-06;1.31E-08;-1.37E-11;4.34E-07;6.27E-10;1.70E-01;2.40;2.90;3.30;0.30;0.80;1.20;2.40;3.00;3.50;1.10;1.60;2.10;2.50;3.10;3.70;1.50;2.1;2.7;2.77;0.499;0.677;0.893;0.985;0.997;0.999;0.998;0.997;0.998;0.998;0.997;0.996;0.997;0.997;0.997;0.997;0.996;0.996;0.994;0.994;0.986;0.948;0.786;0.488; ; ; ; ; ; ;0.757;0.856;0.956;0.994;0.999;1.000;0.999;0.999;0.999;0.999;0.999;0.998;0.999;0.999;0.999;0.999;0.998;0.998;0.998;0.997;0.994;0.979;0.908;0.751; ; ; ; ; ; ; ;1;0;1;2;2.3;2.50;565;568;716;0.858;1.114;7.1;8.3;82;0.206;548;3;2.77;1.48921;1.49495;1.50091;1.50669;1.50731;1.50980;1.51289;1.51432;1.51472;1.51509;1.51673;1.51680;1.51872;1.52238;1.52283;1.52668;1.53024;1.53627;1.542720;1.548620;;;;0.008054;0.008110;0.3098;0.5612;0.3076;0.2386;0.5349;0.7483;0.3076;0.6062;0.2566;0.2370;0.4754;0.7432;0.0216;0.0087;-0.0009;-0.0009;0.0035;517642.250;blue laser solarisation stabilized glass, only available as optical components component;30.04.2025;;;;;;;
 N-ZK7A ;1.50805;1.51004;61.04;60.84;34/29;1.07509891E+00;1.68895044E-01;8.60503983E-01;6.76601657E-03;2.30642817E-02;8.90498778E+01;1.09E-05;1.98E-08;-1.49E-11;4.48E-07;3.26E-10;1.83E-01;5.80;6.50;7.00;3.80;4.40;4.90;6.10;6.80;7.40;4.90;5.50;6.10;6.50;7.20;7.90;5.50;6.2;6.8;3.63;0.350;0.660;0.930;0.976;0.994;0.996;0.994;0.994;0.995;0.995;0.993;0.988;0.984;0.981;0.977;0.975;0.969;0.956;0.940;0.930;0.860;0.670;0.390;0.170;0.030; ; ; ; ; ;0.657;0.847;0.971;0.990;0.998;0.998;0.998;0.998;0.998;0.998;0.997;0.995;0.994;0.992;0.991;0.990;0.987;0.982;0.976;0.971;0.941;0.852;0.686;0.492;0.221;0.032; ; ; ; ;;1;0;2;1.2;2.2;2.47;519;547;729;0.77;1.042;4.61;5.23;70;0.214;530;;3.63;1.48001;1.48582;1.49184;1.49768;1.49831;1.50086;1.50403;1.50550;1.50591;1.50629;1.50798;1.50805;1.51004;1.51382;1.51429;1.51829;1.52198;1.52826;1.535000;1.541180;;;;0.008323;0.008384;0.3058;0.5576;0.3070;0.2386;0.5368;0.7540;0.3036;0.6024;0.2560;0.2369;0.4770;0.7486;0.0289;0.0125;-0.0019;-0.0043;-0.0146;508610.247;;24.05.16;1.7;;;;;;
 K10 ;1.50137;1.50349;56.41;56.15;33/30;1.15687082E+00;6.42625444E-02;8.72376139E-01;8.09424251E-03;3.86051284E-02;1.04747730E+02;4.86E-06;1.72E-08;-3.02E-11;3.82E-07;4.53E-10;2.60E-01;3.30;3.90;4.50;1.30;1.80;2.40;3.60;4.20;4.90;2.30;2.90;3.60;3.80;4.50;5.20;2.80;3.4;4.2;3.12;0.520;0.630;0.850;0.983;0.996;0.997;0.994;0.993;0.993;0.992;0.991;0.990;0.988;0.988;0.987;0.986;0.982;0.973;0.966;0.958;0.910;0.720;0.310;0.130;0.020; ; ; ; ; ;0.770;0.831;0.937;0.993;0.998;0.999;0.998;0.997;0.997;0.997;0.996;0.996;0.995;0.995;0.995;0.994;0.993;0.989;0.986;0.983;0.963;0.877;0.626;0.370;0.140; ; ; ; ; ;;1;0;1;1;1.2;2.52;459;453;691;0.77;1.12;6.5;7.4;65;0.19;470;4;3.12;1.47507;1.48008;1.48536;1.49076;1.49137;1.49389;1.49713;1.49867;1.49910;1.49950;1.50129;1.50137;1.50349;1.50756;1.50807;1.51243;1.51649;1.52350;1.531200;1.538440;;;;0.008888;0.008967;0.2835;0.5385;0.3037;0.2382;0.5475;0.7888;0.2810;0.5817;0.2531;0.2362;0.4860;0.7819;0.0094;0.0041;-0.0007;-0.0015;-0.0048;501564.252;lead containing glass type;01.02.14;2.6;;;;;;
 N-BK10 ;1.49782;1.49960;66.95;66.78;31/27;8.88308131E-01;3.28964475E-01;9.84610769E-01;5.16900822E-03;1.61190045E-02;9.97575331E+01;3.32E-06;1.72E-08;-2.05E-11;3.57E-07;3.90E-10;1.69E-01;2.70;3.10;3.50;0.70;1.10;1.40;2.90;3.40;3.80;1.60;2.10;2.50;3.10;3.70;4.10;2.10;2.6;3.1;3.21;0.470;0.710;0.950;0.980;0.996;0.995;0.993;0.992;0.993;0.993;0.991;0.990;0.989;0.989;0.990;0.990;0.989;0.985;0.986;0.986;0.978;0.947;0.860;0.710;0.420;0.110; ; ; ; ;0.739;0.872;0.980;0.992;0.998;0.998;0.997;0.997;0.997;0.997;0.996;0.996;0.996;0.996;0.996;0.996;0.996;0.994;0.994;0.994;0.991;0.978;0.941;0.872;0.707;0.414;0.123;0.010; ; ;;1;0;1;1;1;2.39;551; ;753;0.81;1.32;5.8;6.6;71;0.203;560;4;3.21;1.47060;1.47647;1.48252;1.48827;1.48887;1.49127;1.49419;1.49552;1.49589;1.49623;1.49775;1.49782;1.49960;1.50296;1.50337;1.50690;1.51014;1.51561;1.521440;1.526740;1.531510;;;0.007435;0.007481;0.3224;0.5716;0.3093;0.2387;0.5303;0.7360;0.3204;0.6174;0.2580;0.2373;0.4716;0.7315;0.0314;0.0126;-0.0012;-0.0008;0.0091;498670.239; ;01.02.14;2.8;;;;;;
 N-PK52A ;1.49700;1.49845;81.61;81.21;34/28;1.02960700E+00;1.88050600E-01;7.36488165E-01;5.16800155E-03;1.66658798E-02;1.38964129E+02;-1.97E-05;-5.50E-09;5.28E-12;3.60E-07;2.45E-10;1.72E-01;-5.70;-5.40;-5.10;-7.70;-7.40;-7.10;-6.70;-6.40;-6.00;-8.00;-7.70;-7.40;-7.10;-6.80;-6.40;-8.10;-7.8;-7.5;0.65;0.967;0.978;0.990;0.994;0.994;0.993;0.993;0.995;0.997;0.997;0.996;0.992;0.990;0.990;0.992;0.992;0.992;0.989;0.980;0.970;0.880;0.630;0.300;0.120;0.040;0.010; ; ; ; ;0.987;0.991;0.996;0.998;0.998;0.997;0.997;0.998;0.999;0.999;0.998;0.997;0.996;0.996;0.997;0.997;0.997;0.996;0.992;0.988;0.950;0.831;0.618;0.428;0.250;0.120;0.044;0.014; ; ;;1;0;52.3;3.3;4.3;3.70;467;467;538;0.67;0.73;13.01;15;71;0.298;355;6;0.65;1.47966;1.48279;1.48616;1.48971;1.49012;1.49184;1.49408;1.49514;1.49544;1.49571;1.49695;1.49700;1.49845;1.50123;1.50157;1.50450;1.50720;1.51175;1.516580;1.520960;1.524890;;;0.006090;0.006138;0.2819;0.5417;0.3055;0.2388;0.5377;0.7470;0.2797;0.5858;0.2548;0.2369;0.4774;0.7412;-0.1084;-0.0514;0.0103;0.0311;0.1497;497816.370;suitable for precision molding;01.12.23;7.0;1;4;520;526;;
 N-FK5 ;1.48749;1.48914;70.41;70.23;30/26;8.44309338E-01;3.44147824E-01;9.10790213E-01;4.75111955E-03;1.49814849E-02;9.78600293E+01;-7.24E-06;1.58E-08;-9.51E-12;3.51E-07;4.61E-10;1.56E-01;-1.50;-1.20;-0.90;-3.50;-3.20;-2.90;-1.40;-1.00;-0.60;-2.60;-2.30;-2.00;-1.20;-0.70;-0.30;-2.20;-1.8;-1.4;2.91;0.380;0.630;0.930;0.965;0.998;0.995;0.991;0.990;0.991;0.991;0.989;0.990;0.992;0.993;0.994;0.994;0.994;0.991;0.992;0.992;0.988;0.977;0.950;0.890;0.760;0.500;0.180;0.020;0.000; ;0.679;0.831;0.971;0.986;0.999;0.998;0.996;0.996;0.996;0.996;0.996;0.996;0.997;0.997;0.998;0.998;0.998;0.996;0.997;0.997;0.995;0.991;0.980;0.954;0.896;0.758;0.504;0.221;0.060;0.000;;2;1;4;2;2.3;2.45;466;469;672;0.808;0.925;9.2;10;62;0.232;520;3;2.91;1.46181;1.46738;1.47312;1.47855;1.47912;1.48137;1.48410;1.48535;1.48569;1.48601;1.48743;1.48749;1.48914;1.49227;1.49266;1.49593;1.49894;1.50401;1.509390;1.514280;1.518670;1.524150;;0.006924;0.006965;0.3252;0.5740;0.3097;0.2388;0.5290;0.7319;0.3232;0.6201;0.2584;0.2374;0.4704;0.7276;0.0202;0.0070;0.0001;0.0036;0.0322;487704.245;suitable for precision molding, step 0.5 available;01.02.14;1.5;4;5;557;109;;
 FK5HTi ;1.48748;1.48913;70.47;70.29;29/25;9.09362180E-01;2.79077054E-01;8.91813298E-01;5.20142470E-03;1.58938446E-02;9.59109448E+01;-7.47E-06;1.58E-08;-1.23E-11;3.58E-07;4.03E-10;1.64E-01;-1.60;-1.20;-0.90;-3.60;-3.30;-3.00;-1.50;-1.10;-0.70;-2.70;-2.40;-2.00;-1.30;-0.80;-0.40;-2.30;-1.8;-1.5;2.91;0.385;0.628;0.930;0.965;0.998;0.997;0.995;0.994;0.995;0.995;0.994;0.995;0.996;0.997;0.997;0.997;0.997;0.996;0.996;0.996;0.994;0.989;0.979;0.958;0.900;0.760;0.510;0.220;0.050;0.002;0.683;0.830;0.971;0.986;0.999;0.999;0.998;0.998;0.998;0.998;0.998;0.998;0.998;0.999;0.999;0.999;0.999;0.998;0.999;0.998;0.998;0.996;0.992;0.983;0.959;0.896;0.764;0.546;0.302;0.120;;2;1;4;2;2.3;2.45;466;469;672;0.808;0.925;9.2;10;62;0.232;520;;2.91;1.46180;1.46738;1.47312;1.47855;1.47912;1.48137;1.48409;1.48534;1.48568;1.48600;1.48742;1.48748;1.48913;1.49225;1.49264;1.49591;1.49892;1.50398;1.509350;1.514230;1.518610;1.524090;;0.006918;0.006959;0.3253;0.5742;0.3098;0.2388;0.5288;0.7315;0.3234;0.6203;0.2584;0.2374;0.4703;0.7271;0.0202;0.0070;0.0001;0.0036;0.0321;487705.245;i-line glass;17.05.13;;;;;;;
 N-FK51A ;1.48656;1.48794;84.47;84.07;34/28;9.71247817E-01;2.16901417E-01;9.04651666E-01;4.72301995E-03;1.53575612E-02;1.68681330E+02;-1.83E-05;-7.89E-09;-1.63E-12;3.74E-07;3.46E-10;1.50E-01;-4.90;-4.60;-4.30;-6.90;-6.60;-6.40;-6.00;-5.70;-5.30;-7.30;-7.00;-6.70;-6.50;-6.20;-5.80;-7.50;-7.2;-6.9;0.63;0.750;0.840;0.989;0.990;0.994;0.995;0.995;0.996;0.997;0.997;0.996;0.993;0.992;0.992;0.993;0.993;0.992;0.988;0.976;0.963;0.875;0.630;0.300;0.120;0.035;0.010; ; ; ; ;0.891;0.933;0.996;0.996;0.998;0.998;0.998;0.998;0.999;0.999;0.998;0.997;0.997;0.997;0.997;0.997;0.997;0.995;0.990;0.985;0.948;0.831;0.618;0.428;0.262;0.137;0.058; ; ; ;;1;0;52.3;2.2;4.3;3.68;464;463;527;0.69;0.76;12.74;14.81;73;0.302;345;6;0.63;1.46958;1.47271;1.47608;1.47959;1.47999;1.48165;1.48379;1.48480;1.48508;1.48534;1.48651;1.48656;1.48794;1.49056;1.49088;1.49364;1.49618;1.50046;1.505010;1.509110;;;;0.005760;0.005804;0.2879;0.5465;0.3062;0.2388;0.5359;0.7429;0.2858;0.5909;0.2554;0.2370;0.4759;0.7373;-0.1112;-0.0533;0.0110;0.0342;0.1675;487845.368;suitable for precision molding, step 0.5 available;01.12.23;10.2;1;3;503;528;;
 N-FK58 ;1.45600;1.45720;90.90;90.47;33/--;7.38042712E-01;3.63371967E-01;9.89296264E-01;3.39065607E-03;1.17551189E-02;2.12842145E+02;-2.05E-05;-6.33E-09;4.13E-11;3.84E-07;1.63E-10;7.30E-02;-5.40;-5.10;-4.80;-7.30;-7.10;-6.80;-6.50;-6.20;-5.90;-7.70;-7.40;-7.20;-6.80;-6.50;-6.20;-7.80;-7.5;-7.3;0.54;0.993;0.996;0.998;0.998;0.995;0.993;0.993;0.994;0.994;0.995;0.994;0.992;0.991;0.991;0.991;0.991;0.990;0.987;0.980;0.975;0.940;0.830;0.610;0.400;0.200;0.080;0.028;0.010;0.005; ;0.997;0.998;0.999;0.999;0.998;0.997;0.997;0.997;0.998;0.998;0.998;0.997;0.996;0.996;0.996;0.996;0.996;0.995;0.992;0.990;0.976;0.928;0.821;0.693;0.525;0.364;0.239;0.152;0.109;0.090; ;1;1;52.3;3.3;4.3;3.65;445;448;508;0.71;0.76;13.67;15.72;70;0.3;372;6;0.54;1.44114;1.44388;1.44683;1.44991;1.45026;1.45171;1.45358;1.45446;1.45471;1.45494;1.45596;1.45600;1.45720;1.45948;1.45976;1.46216;1.46436;1.46807;1.471990; ; ; ; ;0.005017;0.005053;0.2894;0.5481;0.3066;0.2388;0.5347;0.7387;0.2873;0.5927;0.2557;0.2371;0.4749;0.7334;-0.1386;-0.0667;0.0140;0.0438;0.2157;456909.365;XLD glass;07.02.24;8.6;1;4;475;;;
;;;;;;;;;;;;;;;;;;;;;;;;;;;;;;;;;;;;;;;;;;;;;;;;;;;;;;;;;;;;;;;;;;;;;;;;;;;;;;;;;;;;;;;;;;;;;;;;;;;;;;;;;;;;;;;;;;;;;;;;;;;;;;;;;;;;;;;;;;;;;;;;;;;;;;;;;;;;;;;;;;;;;;;
;;;;;;;;;;;;;;;;;;;;;;;;;;;;;;;;;;;;;;;;;;;;;;;;;;;;;;;;;;;;;;;;;;;;;;;;;;;;;;;;;;;;;;;;;;;;;;;;;;;;;;;;;;;;;;;;;;;;;;;;;;;;;;;;;;;;;;;;;;;;;;;;;;;;;;;;;;;;;;;;;;;;;;;
;;;;;;;;;;;;;;;;;;;;;;;;;;;;;;;;;;;;;;;;;;;;;;;;;;;;;;;;;;;;;;;;;;;;;;;;;;;;;;;;;;;;;;;;;;;;;;;;;;;;;;;;;;;;;;;;;;;;;;;;;;;;;;;;;;;;;;;;;;;;;;;;;;;;;;;;;;;;;;;;;;;;;;;
